{"stats":{"minecraft:used":{"minecraft:cooked_mutton":1,"minecraft:stone_sword":6,"minecraft:iron_shovel":192,"minecraft:stone_pickaxe":141,"minecraft:oak_planks":3,"minecraft:ender_pearl":1,"minecraft:wooden_pickaxe":31,"minecraft:iron_sword":63,"minecraft:cooked_salmon":3,"minecraft:rotten_flesh":2,"minecraft:torch":18,"minecraft:dirt":89,"minecraft:mutton":4,"minecraft:crafting_table":5,"minecraft:oak_log":2,"minecraft:bread":1,"minecraft:iron_pickaxe":210,"minecraft:wooden_sword":22,"minecraft:cobblestone":114,"minecraft:beef":1,"minecraft:furnace":1,"minecraft:golden_pickaxe":15},"minecraft:killed":{"minecraft:sheep":2,"minecraft:horse":4,"minecraft:skeleton":5,"minecraft:pillager":2,"minecraft:zombie":3,"minecraft:cow":1,"minecraft:enderman":1},"minecraft:killed_by":{"minecraft:cave_spider":1,"minecraft:skeleton":3},"minecraft:mined":{"minecraft:brown_mushroom":2,"minecraft:crafting_table":5,"minecraft:torch":3,"minecraft:granite":8,"minecraft:grass_block":81,"minecraft:cobblestone":54,"minecraft:oak_planks":2,"minecraft:diorite":9,"minecraft:wall_torch":1,"minecraft:furnace":1,"minecraft:iron_ore":31,"minecraft:andesite":6,"minecraft:grass_path":2,"minecraft:grass":16,"minecraft:oak_log":39,"minecraft:coal_ore":80,"minecraft:rail":1,"minecraft:dirt":145,"minecraft:cobweb":1,"minecraft:stone":134,"minecraft:gold_ore":4,"minecraft:oak_leaves":13},"minecraft:picked_up":{"minecraft:crafting_table":5,"minecraft:iron_chestplate":1,"minecraft:andesite":6,"minecraft:leather":5,"minecraft:brown_mushroom":4,"minecraft:wooden_pickaxe":1,"minecraft:oak_log":47,"minecraft:shield":1,"minecraft:dirt":200,"minecraft:string":1,"minecraft:white_banner":1,"minecraft:cooked_salmon":3,"minecraft:wooden_sword":2,"minecraft:iron_shovel":1,"minecraft:iron_leggings":1,"minecraft:cooked_mutton":1,"minecraft:bone":5,"minecraft:wheat_seeds":6,"minecraft:beef":1,"minecraft:stone_pickaxe":2,"minecraft:iron_ore":27,"minecraft:iron_pickaxe":1,"minecraft:minecart":1,"minecraft:birch_sapling":3,"minecraft:chest":1,"minecraft:iron_sword":1,"minecraft:oak_planks":8,"minecraft:iron_boots":1,"minecraft:furnace":2,"minecraft:stick":10,"minecraft:oak_fence":3,"minecraft:torch":4,"minecraft:gravel":5,"minecraft:diorite":9,"minecraft:gold_ore":3,"minecraft:arrow":5,"minecraft:rotten_flesh":4,"minecraft:iron_helmet":1,"minecraft:granite":8,"minecraft:bread":1,"minecraft:oak_sapling":4,"minecraft:mutton":4,"minecraft:white_wool":10,"minecraft:coal":71,"minecraft:rail":14,"minecraft:cobblestone":256,"minecraft:ender_pearl":1},"minecraft:dropped":{"minecraft:wheat_seeds":4,"minecraft:oak_log":22,"minecraft:oak_planks":42,"minecraft:dirt":89,"minecraft:oak_sapling":3,"minecraft:wooden_sword":2,"minecraft:white_wool":8,"minecraft:bone":2},"minecraft:crafted":{"minecraft:wooden_sword":1,"minecraft:oak_planks":144,"minecraft:crafting_table":2,"minecraft:wooden_pickaxe":2,"minecraft:iron_sword":1,"minecraft:furnace":1,"minecraft:golden_pickaxe":1,"minecraft:stone":4,"minecraft:oak_wood":12,"minecraft:stone_axe":1,"minecraft:wooden_hoe":1,"minecraft:iron_axe":1,"minecraft:iron_hoe":1,"minecraft:stick":76,"minecraft:iron_ingot":25,"minecraft:iron_pickaxe":2,"minecraft:stone_pickaxe":2,"minecraft:wooden_axe":1,"minecraft:stone_sword":1,"minecraft:iron_shovel":1,"minecraft:gold_ingot":3,"minecraft:torch":28,"minecraft:stone_hoe":1},"minecraft:custom":{"minecraft:interact_with_furnace":6,"minecraft:mob_kills":19,"minecraft:interact_with_crafting_table":22,"minecraft:play_one_minute":109275,"minecraft:leave_game":3,"minecraft:time_since_death":114,"minecraft:sleep_in_bed":3,"minecraft:time_since_rest":178,"minecraft:sprint_one_cm":96693,"minecraft:damage_taken":1425,"minecraft:walk_one_cm":378647,"minecraft:drop":163,"minecraft:damage_dealt":3425,"minecraft:fly_one_cm":26595,"minecraft:open_chest":25,"minecraft:crouch_one_cm":393,"minecraft:deaths":4,"minecraft:sneak_time":95,"minecraft:walk_under_water_one_cm":2551,"minecraft:jump":700,"minecraft:interact_with_blast_furnace":1,"minecraft:walk_on_water_one_cm":18878,"minecraft:fall_one_cm":12566}},"DataVersion":1968}