{"stats":{"minecraft:mined":{"minecraft:brown_mushroom":2,"minecraft:crafting_table":5,"minecraft:torch":1,"minecraft:granite":8,"minecraft:grass_block":44,"minecraft:oak_planks":1,"minecraft:diorite":9,"minecraft:furnace":1,"minecraft:iron_ore":31,"minecraft:andesite":6,"minecraft:grass_path":2,"minecraft:grass":1,"minecraft:coal_ore":68,"minecraft:oak_log":39,"minecraft:rail":1,"minecraft:dirt":88,"minecraft:stone":107,"minecraft:gold_ore":4,"minecraft:oak_leaves":13},"minecraft:crafted":{"minecraft:wooden_sword":1,"minecraft:oak_planks":144,"minecraft:crafting_table":2,"minecraft:wooden_pickaxe":2,"minecraft:iron_sword":1,"minecraft:golden_pickaxe":1,"minecraft:furnace":1,"minecraft:stone":4,"minecraft:oak_wood":12,"minecraft:stone_axe":1,"minecraft:wooden_hoe":1,"minecraft:iron_axe":1,"minecraft:iron_hoe":1,"minecraft:stick":76,"minecraft:iron_ingot":25,"minecraft:iron_pickaxe":2,"minecraft:stone_pickaxe":2,"minecraft:wooden_axe":1,"minecraft:stone_sword":1,"minecraft:iron_shovel":1,"minecraft:gold_ingot":3,"minecraft:torch":28,"minecraft:stone_hoe":1},"minecraft:custom":{"minecraft:interact_with_furnace":5,"minecraft:mob_kills":9,"minecraft:interact_with_crafting_table":21,"minecraft:play_one_minute":65342,"minecraft:leave_game":1,"minecraft:time_since_death":10960,"minecraft:sleep_in_bed":1,"minecraft:time_since_rest":11061,"minecraft:sprint_one_cm":22252,"minecraft:damage_taken":1214,"minecraft:walk_one_cm":219512,"minecraft:drop":161,"minecraft:damage_dealt":1785,"minecraft:fly_one_cm":3616,"minecraft:open_chest":18,"minecraft:crouch_one_cm":393,"minecraft:deaths":3,"minecraft:sneak_time":95,"minecraft:walk_under_water_one_cm":1472,"minecraft:jump":313,"minecraft:interact_with_blast_furnace":1,"minecraft:walk_on_water_one_cm":12383,"minecraft:fall_one_cm":4654},"minecraft:picked_up":{"minecraft:iron_chestplate":1,"minecraft:crafting_table":5,"minecraft:andesite":6,"minecraft:brown_mushroom":4,"minecraft:wooden_pickaxe":1,"minecraft:oak_log":47,"minecraft:shield":1,"minecraft:dirt":125,"minecraft:wooden_sword":2,"minecraft:cooked_salmon":3,"minecraft:iron_leggings":1,"minecraft:cooked_mutton":1,"minecraft:bone":5,"minecraft:wheat_seeds":2,"minecraft:stone_pickaxe":2,"minecraft:iron_ore":27,"minecraft:iron_pickaxe":1,"minecraft:minecart":1,"minecraft:chest":1,"minecraft:iron_sword":1,"minecraft:oak_planks":7,"minecraft:iron_boots":1,"minecraft:furnace":2,"minecraft:stick":2,"minecraft:oak_fence":3,"minecraft:torch":1,"minecraft:gravel":5,"minecraft:diorite":9,"minecraft:gold_ore":3,"minecraft:arrow":5,"minecraft:rotten_flesh":4,"minecraft:iron_helmet":1,"minecraft:granite":8,"minecraft:bread":1,"minecraft:oak_sapling":4,"minecraft:rail":14,"minecraft:coal":61,"minecraft:white_wool":8,"minecraft:cobblestone":177,"minecraft:ender_pearl":1},"minecraft:dropped":{"minecraft:wheat_seeds":2,"minecraft:oak_log":22,"minecraft:oak_planks":42,"minecraft:dirt":80,"minecraft:oak_sapling":3,"minecraft:wooden_sword":2,"minecraft:white_wool":8,"minecraft:bone":2},"minecraft:used":{"minecraft:cooked_mutton":1,"minecraft:stone_sword":6,"minecraft:iron_shovel":127,"minecraft:stone_pickaxe":123,"minecraft:oak_planks":1,"minecraft:ender_pearl":1,"minecraft:wooden_pickaxe":31,"minecraft:iron_sword":27,"minecraft:cooked_salmon":3,"minecraft:torch":12,"minecraft:dirt":27,"minecraft:crafting_table":5,"minecraft:oak_log":2,"minecraft:iron_pickaxe":91,"minecraft:wooden_sword":22,"minecraft:cobblestone":48,"minecraft:furnace":1,"minecraft:golden_pickaxe":15},"minecraft:killed":{"minecraft:skeleton":5,"minecraft:zombie":3,"minecraft:enderman":1},"minecraft:killed_by":{"minecraft:cave_spider":1,"minecraft:skeleton":2}},"DataVersion":1963}