{"stats":{"minecraft:used":{"minecraft:oak_fence":51,"minecraft:stone_sword":167,"minecraft:stone_shovel":27,"minecraft:chest":2,"minecraft:iron_sword":73,"minecraft:cooked_salmon":9,"minecraft:netherrack":18,"minecraft:torch":30,"minecraft:dirt":54,"minecraft:oak_fence_gate":1,"minecraft:wooden_axe":21,"minecraft:bookshelf":6,"minecraft:birch_sapling":6,"minecraft:hay_block":21,"minecraft:oak_sapling":3,"minecraft:furnace":2,"minecraft:egg":1,"minecraft:potato":19,"minecraft:pumpkin":2,"minecraft:wheat_seeds":441,"minecraft:cobblestone_stairs":18,"minecraft:birch_planks":6,"minecraft:stone_pickaxe":244,"minecraft:wooden_pickaxe":21,"minecraft:composter":1,"minecraft:sugar_cane":8,"minecraft:white_wool":1,"minecraft:sand":2,"minecraft:crafting_table":4,"minecraft:blast_furnace":2,"minecraft:white_bed":2,"minecraft:wooden_hoe":45,"minecraft:cornflower":2,"minecraft:birch_fence_gate":3,"minecraft:birch_slab":36,"minecraft:iron_pickaxe":35,"minecraft:gravel":12,"minecraft:stone_axe":52,"minecraft:cobblestone":28,"minecraft:cooked_porkchop":1,"minecraft:pumpkin_pie":3,"minecraft:bone_meal":16},"minecraft:killed":{"minecraft:spider":1,"minecraft:skeleton":3,"minecraft:chicken":1,"minecraft:pig":1,"minecraft:salmon":22,"minecraft:squid":1,"minecraft:sheep":2,"minecraft:trader_llama":2,"minecraft:zombie":7,"minecraft:cow":17},"minecraft:mined":{"minecraft:cobblestone_stairs":3,"minecraft:grass_block":5,"minecraft:furnace":2,"minecraft:iron_ore":63,"minecraft:andesite":3,"minecraft:pumpkin":15,"minecraft:potatoes":5,"minecraft:stone":128,"minecraft:white_wool":1,"minecraft:brown_mushroom":1,"minecraft:oak_fence":5,"minecraft:crafting_table":2,"minecraft:cornflower":5,"minecraft:torch":6,"minecraft:nether_quartz_ore":11,"minecraft:sugar_cane":85,"minecraft:oak_planks":1,"minecraft:diorite":4,"minecraft:wall_torch":2,"minecraft:birch_sapling":1,"minecraft:seagrass":1,"minecraft:birch_planks":1,"minecraft:birch_log":28,"minecraft:wheat":315,"minecraft:birch_leaves":2,"minecraft:grass":262,"minecraft:oak_log":28,"minecraft:coal_ore":61,"minecraft:gravel":15,"minecraft:sand":5,"minecraft:dirt":6,"minecraft:netherrack":19,"minecraft:oak_leaves":12},"minecraft:picked_up":{"minecraft:crafting_table":2,"minecraft:wheat":288,"minecraft:chicken":1,"minecraft:brown_mushroom":1,"minecraft:lead":2,"minecraft:wooden_pickaxe":1,"minecraft:shield":1,"minecraft:cornflower":2,"minecraft:string":2,"minecraft:wooden_sword":2,"minecraft:cooked_salmon":4,"minecraft:smooth_stone":5,"minecraft:beef":30,"minecraft:sugar_cane":92,"minecraft:birch_sapling":7,"minecraft:egg":19,"minecraft:furnace":2,"minecraft:stick":9,"minecraft:oak_fence":7,"minecraft:torch":20,"minecraft:porkchop":1,"minecraft:diorite":4,"minecraft:arrow":12,"minecraft:rotten_flesh":7,"minecraft:mutton":3,"minecraft:white_wool":44,"minecraft:cobblestone":128,"minecraft:birch_log":28,"minecraft:andesite":3,"minecraft:salmon":21,"minecraft:leather":22,"minecraft:potato":17,"minecraft:flint":1,"minecraft:oak_log":40,"minecraft:cobblestone_stairs":3,"minecraft:dirt":54,"minecraft:wooden_hoe":1,"minecraft:bone":6,"minecraft:wheat_seeds":932,"minecraft:iron_ingot":10,"minecraft:stone_pickaxe":2,"minecraft:iron_ore":86,"minecraft:oak_planks":57,"minecraft:pumpkin":15,"minecraft:quartz":11,"minecraft:gravel":13,"minecraft:sand":4,"minecraft:ink_sac":4,"minecraft:stone_axe":1,"minecraft:bone_meal":4,"minecraft:gray_wool":3,"minecraft:oak_sapling":3,"minecraft:netherrack":18,"minecraft:coal":130},"minecraft:dropped":{"minecraft:oak_slab":30,"minecraft:wheat_seeds":94,"minecraft:leather":4,"minecraft:stick":10,"minecraft:flint":1,"minecraft:wooden_hoe":1,"minecraft:cooked_salmon":4,"minecraft:pumpkin_pie":4,"minecraft:wooden_sword":2,"minecraft:sand":2,"minecraft:paper":12,"minecraft:white_wool":14,"minecraft:gravel":1,"minecraft:stone_axe":1,"minecraft:oak_planks":2,"minecraft:arrow":9,"minecraft:wooden_pickaxe":2,"minecraft:stone_pickaxe":5,"minecraft:egg":5},"minecraft:custom":{"minecraft:mob_kills":57,"minecraft:animals_bred":45,"minecraft:interact_with_crafting_table":57,"minecraft:leave_game":5,"minecraft:time_since_death":127747,"minecraft:sprint_one_cm":208444,"minecraft:walk_one_cm":510990,"minecraft:drop":65,"minecraft:talked_to_villager":2,"minecraft:sneak_time":6439,"minecraft:walk_under_water_one_cm":24896,"minecraft:jump":863,"minecraft:interact_with_blast_furnace":24,"minecraft:walk_on_water_one_cm":16801,"minecraft:enchant_item":6,"minecraft:interact_with_furnace":55,"minecraft:play_one_minute":127747,"minecraft:sleep_in_bed":6,"minecraft:time_since_rest":18713,"minecraft:damage_taken":639,"minecraft:damage_dealt":4922,"minecraft:swim_one_cm":26681,"minecraft:fly_one_cm":129575,"minecraft:open_chest":71,"minecraft:crouch_one_cm":22354,"minecraft:fall_one_cm":11064},"minecraft:crafted":{"minecraft:wooden_sword":1,"minecraft:smooth_stone":25,"minecraft:oak_planks":148,"minecraft:stone_shovel":2,"minecraft:birch_slab":36,"minecraft:furnace":2,"minecraft:blast_furnace":2,"minecraft:cobblestone_stairs":20,"minecraft:stone":27,"minecraft:bone_meal":15,"minecraft:bookshelf":6,"minecraft:iron_boots":1,"minecraft:birch_fence_gate":3,"minecraft:stone_pickaxe":9,"minecraft:chest":2,"minecraft:oak_fence":54,"minecraft:sugar":18,"minecraft:oak_slab":30,"minecraft:wooden_shovel":1,"minecraft:cooked_porkchop":1,"minecraft:crafting_table":2,"minecraft:wooden_pickaxe":2,"minecraft:iron_helmet":1,"minecraft:iron_sword":1,"minecraft:cooked_salmon":21,"minecraft:hay_block":21,"minecraft:birch_planks":148,"minecraft:stone_axe":1,"minecraft:air":0,"minecraft:oak_fence_gate":1,"minecraft:wooden_hoe":1,"minecraft:iron_chestplate":1,"minecraft:book":18,"minecraft:paper":66,"minecraft:stick":104,"minecraft:iron_ingot":60,"minecraft:iron_pickaxe":1,"minecraft:wooden_axe":1,"minecraft:stone_sword":1,"minecraft:iron_leggings":1,"minecraft:gold_ingot":25,"minecraft:white_bed":2,"minecraft:pumpkin_pie":12,"minecraft:composter":1,"minecraft:torch":32,"minecraft:shears":1}},"DataVersion":1968}