{"stats":{"minecraft:mined":{"minecraft:brown_mushroom":1,"minecraft:cobblestone_stairs":3,"minecraft:torch":5,"minecraft:oak_fence":5,"minecraft:cornflower":5,"minecraft:crafting_table":2,"minecraft:grass_block":1,"minecraft:nether_quartz_ore":11,"minecraft:oak_planks":1,"minecraft:sugar_cane":3,"minecraft:diorite":4,"minecraft:wall_torch":2,"minecraft:birch_sapling":1,"minecraft:seagrass":1,"minecraft:furnace":2,"minecraft:birch_log":28,"minecraft:iron_ore":63,"minecraft:wheat":35,"minecraft:birch_leaves":2,"minecraft:andesite":3,"minecraft:grass":262,"minecraft:oak_log":20,"minecraft:coal_ore":61,"minecraft:gravel":14,"minecraft:sand":5,"minecraft:dirt":4,"minecraft:netherrack":18,"minecraft:stone":128,"minecraft:oak_leaves":6},"minecraft:crafted":{"minecraft:wooden_sword":1,"minecraft:smooth_stone":25,"minecraft:oak_planks":116,"minecraft:wooden_shovel":1,"minecraft:stone_shovel":2,"minecraft:cooked_porkchop":1,"minecraft:crafting_table":2,"minecraft:iron_helmet":1,"minecraft:wooden_pickaxe":2,"minecraft:iron_sword":1,"minecraft:birch_slab":36,"minecraft:furnace":2,"minecraft:blast_furnace":2,"minecraft:cooked_salmon":21,"minecraft:cobblestone_stairs":20,"minecraft:stone":27,"minecraft:bone_meal":15,"minecraft:birch_planks":96,"minecraft:stone_axe":1,"minecraft:air":0,"minecraft:oak_fence_gate":1,"minecraft:iron_chestplate":1,"minecraft:iron_boots":1,"minecraft:wooden_hoe":1,"minecraft:birch_fence_gate":3,"minecraft:stick":96,"minecraft:iron_ingot":60,"minecraft:iron_pickaxe":1,"minecraft:stone_pickaxe":9,"minecraft:wooden_axe":1,"minecraft:stone_sword":1,"minecraft:chest":2,"minecraft:gold_ingot":25,"minecraft:iron_leggings":1,"minecraft:white_bed":2,"minecraft:torch":32,"minecraft:oak_fence":48,"minecraft:shears":1},"minecraft:custom":{"minecraft:interact_with_furnace":49,"minecraft:mob_kills":32,"minecraft:animals_bred":16,"minecraft:interact_with_crafting_table":42,"minecraft:play_one_minute":73916,"minecraft:leave_game":1,"minecraft:time_since_death":73916,"minecraft:sleep_in_bed":1,"minecraft:time_since_rest":60136,"minecraft:sprint_one_cm":140821,"minecraft:damage_taken":524,"minecraft:walk_one_cm":290486,"minecraft:drop":29,"minecraft:damage_dealt":2463,"minecraft:swim_one_cm":26681,"minecraft:fly_one_cm":92618,"minecraft:open_chest":59,"minecraft:crouch_one_cm":21653,"minecraft:sneak_time":6179,"minecraft:walk_under_water_one_cm":23528,"minecraft:jump":653,"minecraft:interact_with_blast_furnace":21,"minecraft:enchant_item":6,"minecraft:walk_on_water_one_cm":15005,"minecraft:fall_one_cm":10168},"minecraft:picked_up":{"minecraft:birch_log":28,"minecraft:crafting_table":2,"minecraft:wheat":34,"minecraft:andesite":3,"minecraft:salmon":21,"minecraft:brown_mushroom":1,"minecraft:wooden_pickaxe":1,"minecraft:potato":1,"minecraft:flint":1,"minecraft:oak_log":32,"minecraft:shield":1,"minecraft:cobblestone_stairs":3,"minecraft:wooden_hoe":1,"minecraft:string":2,"minecraft:cornflower":2,"minecraft:dirt":53,"minecraft:cooked_salmon":4,"minecraft:wooden_sword":2,"minecraft:bone":4,"minecraft:wheat_seeds":131,"minecraft:smooth_stone":5,"minecraft:iron_ingot":10,"minecraft:stone_pickaxe":2,"minecraft:iron_ore":86,"minecraft:sugar_cane":6,"minecraft:birch_sapling":7,"minecraft:oak_planks":55,"minecraft:furnace":2,"minecraft:egg":4,"minecraft:stick":3,"minecraft:quartz":11,"minecraft:gravel":12,"minecraft:oak_fence":7,"minecraft:torch":19,"minecraft:porkchop":1,"minecraft:sand":2,"minecraft:ink_sac":4,"minecraft:diorite":4,"minecraft:arrow":2,"minecraft:rotten_flesh":5,"minecraft:bone_meal":1,"minecraft:gray_wool":3,"minecraft:oak_sapling":3,"minecraft:netherrack":17,"minecraft:coal":128,"minecraft:white_wool":43,"minecraft:cobblestone":128},"minecraft:dropped":{"minecraft:flint":1,"minecraft:wooden_hoe":1,"minecraft:cooked_salmon":4,"minecraft:wooden_sword":2,"minecraft:wooden_pickaxe":2,"minecraft:stone_pickaxe":5,"minecraft:white_wool":14},"minecraft:used":{"minecraft:wheat_seeds":127,"minecraft:oak_fence":51,"minecraft:stone_sword":167,"minecraft:cobblestone_stairs":18,"minecraft:stone_shovel":20,"minecraft:stone_pickaxe":244,"minecraft:chest":2,"minecraft:wooden_pickaxe":21,"minecraft:iron_sword":17,"minecraft:sugar_cane":6,"minecraft:cooked_salmon":8,"minecraft:netherrack":16,"minecraft:torch":28,"minecraft:dirt":53,"minecraft:sand":2,"minecraft:crafting_table":4,"minecraft:blast_furnace":2,"minecraft:white_bed":2,"minecraft:oak_fence_gate":1,"minecraft:wooden_axe":21,"minecraft:wooden_hoe":5,"minecraft:cornflower":2,"minecraft:iron_pickaxe":30,"minecraft:birch_fence_gate":3,"minecraft:birch_slab":36,"minecraft:birch_sapling":6,"minecraft:gravel":11,"minecraft:stone_axe":37,"minecraft:cobblestone":28,"minecraft:oak_sapling":3,"minecraft:furnace":2,"minecraft:cooked_porkchop":1,"minecraft:egg":1,"minecraft:potato":1,"minecraft:bone_meal":16},"minecraft:killed":{"minecraft:pig":1,"minecraft:salmon":22,"minecraft:spider":1,"minecraft:squid":1,"minecraft:skeleton":2,"minecraft:zombie":5}},"DataVersion":1963}