{"stats":{"minecraft:used":{"minecraft:iron_shovel":254,"minecraft:birch_planks":305,"minecraft:stone_shovel":273,"minecraft:iron_sword":8,"minecraft:torch":2,"minecraft:dirt":3,"minecraft:crafting_table":2,"minecraft:white_bed":1,"minecraft:birch_door":2,"minecraft:birch_slab":16,"minecraft:iron_axe":249,"minecraft:birch_sapling":9,"minecraft:iron_pickaxe":39,"minecraft:stone_axe":53,"minecraft:cobblestone":4,"minecraft:oak_sapling":1,"minecraft:birch_log":9,"minecraft:egg":1,"minecraft:cooked_beef":2,"minecraft:birch_stairs":123},"minecraft:killed":{"minecraft:skeleton":1,"minecraft:cow":1},"minecraft:broken":{"minecraft:iron_shovel":1,"minecraft:iron_axe":1,"minecraft:stone_shovel":1},"minecraft:mined":{"minecraft:birch_stairs":7,"minecraft:crafting_table":1,"minecraft:torch":3,"minecraft:granite":6,"minecraft:grass_block":382,"minecraft:cobblestone":4,"minecraft:birch_slab":6,"minecraft:birch_planks":21,"minecraft:birch_log":237,"minecraft:birch_leaves":9,"minecraft:grass":24,"minecraft:oak_stairs":1,"minecraft:sand":2,"minecraft:dirt":127,"minecraft:stone":20,"minecraft:oak_leaves":6},"minecraft:picked_up":{"minecraft:birch_log":236,"minecraft:crafting_table":1,"minecraft:birch_door":2,"minecraft:wheat":1,"minecraft:birch_slab":7,"minecraft:oak_stairs":1,"minecraft:birch_planks":18,"minecraft:dirt":503,"minecraft:bone":1,"minecraft:wheat_seeds":5,"minecraft:birch_sapling":9,"minecraft:oak_planks":1,"minecraft:egg":8,"minecraft:stick":21,"minecraft:torch":3,"minecraft:birch_stairs":7,"minecraft:sand":2,"minecraft:arrow":1,"minecraft:pumpkin_pie":4,"minecraft:granite":6,"minecraft:oak_sapling":1,"minecraft:coal":7,"minecraft:cobblestone":25},"minecraft:dropped":{"minecraft:granite":6,"minecraft:dirt":1,"minecraft:birch_log":43},"minecraft:crafted":{"minecraft:stone_shovel":6,"minecraft:crafting_table":2,"minecraft:iron_helmet":1,"minecraft:iron_sword":1,"minecraft:birch_slab":12,"minecraft:birch_planks":480,"minecraft:stone_axe":1,"minecraft:iron_boots":1,"minecraft:iron_axe":1,"minecraft:stick":20,"minecraft:iron_pickaxe":1,"minecraft:iron_shovel":1,"minecraft:white_bed":1,"minecraft:birch_stairs":116},"minecraft:custom":{"minecraft:mob_kills":2,"minecraft:interact_with_crafting_table":9,"minecraft:play_one_minute":61008,"minecraft:leave_game":3,"minecraft:time_since_death":61008,"minecraft:sleep_in_bed":6,"minecraft:time_since_rest":18713,"minecraft:sprint_one_cm":53298,"minecraft:damage_taken":194,"minecraft:walk_one_cm":273332,"minecraft:drop":8,"minecraft:damage_dealt":484,"minecraft:swim_one_cm":2702,"minecraft:talked_to_villager":3,"minecraft:fly_one_cm":53213,"minecraft:open_chest":28,"minecraft:crouch_one_cm":12689,"minecraft:sneak_time":2541,"minecraft:walk_under_water_one_cm":800,"minecraft:jump":324,"minecraft:walk_on_water_one_cm":2545,"minecraft:fall_one_cm":5469}},"DataVersion":1968}