{"stats":{"minecraft:picked_up":{"minecraft:crafting_table":2,"minecraft:wheat":2,"minecraft:cooked_beef":20,"minecraft:birch_slab":7,"minecraft:andesite":38,"minecraft:lead":1,"minecraft:wooden_pickaxe":3,"minecraft:birch_planks":7,"minecraft:oak_log":10,"minecraft:cobblestone_stairs":17,"minecraft:dirt":26,"minecraft:bone":2,"minecraft:wheat_seeds":13,"minecraft:bucket":1,"minecraft:iron_pickaxe":1,"minecraft:oak_planks":2,"minecraft:iron_sword":2,"minecraft:egg":9,"minecraft:stick":6,"minecraft:torch":42,"minecraft:birch_stairs":1,"minecraft:white_bed":4,"minecraft:rotten_flesh":14,"minecraft:pumpkin_pie":1,"minecraft:granite":13,"minecraft:oak_sapling":1,"minecraft:coal":8,"minecraft:cobblestone":352},"minecraft:killed_by":{"minecraft:creeper":1},"minecraft:used":{"minecraft:cobblestone_stairs":23,"minecraft:birch_planks":13,"minecraft:stone_pickaxe":123,"minecraft:ladder":14,"minecraft:wooden_pickaxe":44,"minecraft:iron_sword":24,"minecraft:cobblestone_slab":4,"minecraft:torch":9,"minecraft:dirt":8,"minecraft:crafting_table":3,"minecraft:white_bed":4,"minecraft:birch_slab":7,"minecraft:iron_pickaxe":251,"minecraft:cobblestone":198,"minecraft:andesite":34,"minecraft:bucket":1,"minecraft:pumpkin_pie":1,"minecraft:cooked_beef":5,"minecraft:birch_stairs":1},"minecraft:killed":{"minecraft:skeleton":1,"minecraft:zombie":5},"minecraft:custom":{"minecraft:interact_with_furnace":3,"minecraft:mob_kills":6,"minecraft:interact_with_crafting_table":8,"minecraft:play_one_minute":47668,"minecraft:time_since_death":40774,"minecraft:climb_one_cm":7090,"minecraft:time_since_rest":40944,"minecraft:sprint_one_cm":90126,"minecraft:damage_taken":870,"minecraft:walk_one_cm":150676,"minecraft:drop":7,"minecraft:damage_dealt":1166,"minecraft:swim_one_cm":1808,"minecraft:talked_to_villager":1,"minecraft:fly_one_cm":41090,"minecraft:open_chest":10,"minecraft:crouch_one_cm":22358,"minecraft:deaths":1,"minecraft:sneak_time":7888,"minecraft:walk_under_water_one_cm":537,"minecraft:jump":507,"minecraft:interact_with_blast_furnace":4,"minecraft:walk_on_water_one_cm":1825,"minecraft:fall_one_cm":15164},"minecraft:mined":{"minecraft:birch_stairs":1,"minecraft:white_bed":4,"minecraft:cobblestone_stairs":17,"minecraft:crafting_table":2,"minecraft:granite":13,"minecraft:cobblestone":202,"minecraft:birch_slab":7,"minecraft:wall_torch":1,"minecraft:birch_planks":6,"minecraft:andesite":36,"minecraft:grass":1,"minecraft:oak_log":10,"minecraft:dirt":21,"minecraft:stone":142,"minecraft:oak_leaves":2},"minecraft:crafted":{"minecraft:cooked_beef":20,"minecraft:oak_planks":40,"minecraft:cobblestone_slab":6,"minecraft:crafting_table":1,"minecraft:wooden_pickaxe":2,"minecraft:iron_sword":1,"minecraft:cobblestone_stairs":8,"minecraft:ladder":15,"minecraft:stick":28,"minecraft:iron_pickaxe":1,"minecraft:stone_pickaxe":4,"minecraft:torch":40},"minecraft:broken":{"minecraft:iron_pickaxe":1},"minecraft:dropped":{"minecraft:iron_sword":1,"minecraft:birch_planks":1,"minecraft:wooden_pickaxe":5}},"DataVersion":1968}