{"stats":{"minecraft:picked_up":{"minecraft:birch_log":29,"minecraft:birch_slab":9,"minecraft:andesite":1,"minecraft:birch_planks":39,"minecraft:oak_log":5,"minecraft:gunpowder":1,"minecraft:cobblestone_stairs":2,"minecraft:dirt":174,"minecraft:string":2,"minecraft:bone":2,"minecraft:kelp":75,"minecraft:wheat_seeds":1,"minecraft:stone_pickaxe":2,"minecraft:iron_ore":23,"minecraft:observer":16,"minecraft:iron_pickaxe":1,"minecraft:egg":11,"minecraft:torch":4,"minecraft:birch_stairs":5,"minecraft:diorite":2,"minecraft:redstone":1,"minecraft:arrow":1,"minecraft:rotten_flesh":4,"minecraft:hay_block":3,"minecraft:netherrack":1,"minecraft:coal":50,"minecraft:hopper":3,"minecraft:cobblestone":92},"minecraft:used":{"minecraft:cooked_mutton":3,"minecraft:water_bucket":17,"minecraft:diorite":2,"minecraft:iron_shovel":22,"minecraft:birch_planks":106,"minecraft:redstone":9,"minecraft:stone_pickaxe":5,"minecraft:chest":1,"minecraft:iron_sword":59,"minecraft:cooked_chicken":1,"minecraft:torch":61,"minecraft:dirt":21,"minecraft:hopper":4,"minecraft:glass":23,"minecraft:piston":4,"minecraft:birch_slab":23,"minecraft:iron_pickaxe":209,"minecraft:cobblestone":20,"minecraft:cooked_porkchop":2,"minecraft:bucket":18,"minecraft:pumpkin_pie":2,"minecraft:egg":2,"minecraft:cooked_beef":2,"minecraft:kelp":19,"minecraft:observer":16,"minecraft:birch_stairs":17,"minecraft:golden_axe":87},"minecraft:killed":{"minecraft:spider":2,"minecraft:creeper":1,"minecraft:skeleton":1,"minecraft:zombie":5},"minecraft:custom":{"minecraft:interact_with_furnace":9,"minecraft:mob_kills":9,"minecraft:inspect_hopper":6,"minecraft:interact_with_crafting_table":12,"minecraft:play_one_minute":46761,"minecraft:time_since_death":46761,"minecraft:time_since_rest":46761,"minecraft:sprint_one_cm":62048,"minecraft:damage_taken":789,"minecraft:walk_one_cm":246749,"minecraft:drop":3,"minecraft:damage_dealt":2112,"minecraft:talked_to_villager":1,"minecraft:swim_one_cm":22733,"minecraft:fly_one_cm":114820,"minecraft:open_chest":34,"minecraft:crouch_one_cm":2541,"minecraft:sneak_time":543,"minecraft:walk_under_water_one_cm":5694,"minecraft:jump":720,"minecraft:interact_with_blast_furnace":39,"minecraft:walk_on_water_one_cm":21950,"minecraft:interact_with_smoker":6,"minecraft:fall_one_cm":15948},"minecraft:mined":{"minecraft:birch_stairs":5,"minecraft:kelp_plant":14,"minecraft:observer":12,"minecraft:torch":1,"minecraft:grass_block":23,"minecraft:redstone_wire":1,"minecraft:glass":10,"minecraft:cobblestone":25,"minecraft:birch_slab":7,"minecraft:kelp":5,"minecraft:hopper":3,"minecraft:diorite":2,"minecraft:wall_torch":1,"minecraft:hay_block":4,"minecraft:birch_planks":40,"minecraft:birch_log":30,"minecraft:iron_ore":23,"minecraft:andesite":1,"minecraft:birch_leaves":2,"minecraft:grass":1,"minecraft:coal_ore":50,"minecraft:dirt":20,"minecraft:stone":63,"minecraft:infested_stone":5},"minecraft:crafted":{"minecraft:cooked_beef":2,"minecraft:golden_axe":3,"minecraft:oak_planks":44,"minecraft:crafting_table":1,"minecraft:cooked_chicken":5,"minecraft:iron_helmet":1,"minecraft:iron_sword":1,"minecraft:birch_slab":30,"minecraft:piston":4,"minecraft:bucket":2,"minecraft:birch_planks":116,"minecraft:cooked_mutton":3,"minecraft:air":0,"minecraft:glass":23,"minecraft:hopper":1,"minecraft:stick":8,"minecraft:iron_ingot":23,"minecraft:oak_stairs":4,"minecraft:chest":2,"minecraft:torch":60,"minecraft:birch_stairs":16,"minecraft:observer":4},"minecraft:broken":{"minecraft:iron_shovel":1,"minecraft:golden_axe":2},"minecraft:dropped":{"minecraft:birch_planks":1,"minecraft:cobblestone_stairs":2,"minecraft:bucket":1}},"DataVersion":1968}