{"stats":{"minecraft:picked_up":{"minecraft:wheat":1,"minecraft:iron_chestplate":1,"minecraft:crafting_table":9,"minecraft:cooked_beef":4,"minecraft:clay_ball":24,"minecraft:andesite":47,"minecraft:leather":5,"minecraft:brown_mushroom":4,"minecraft:wooden_pickaxe":1,"minecraft:oak_log":53,"minecraft:shield":1,"minecraft:dirt":216,"minecraft:string":1,"minecraft:white_banner":1,"minecraft:cooked_salmon":3,"minecraft:wooden_sword":2,"minecraft:iron_leggings":1,"minecraft:cooked_mutton":1,"minecraft:iron_shovel":1,"minecraft:bone":5,"minecraft:wheat_seeds":13,"minecraft:gold_nugget":1,"minecraft:beef":1,"minecraft:stone_pickaxe":4,"minecraft:iron_ore":58,"minecraft:iron_pickaxe":1,"minecraft:minecart":1,"minecraft:iron_sword":1,"minecraft:chest":1,"minecraft:birch_sapling":3,"minecraft:oak_planks":9,"minecraft:egg":12,"minecraft:iron_boots":1,"minecraft:furnace":3,"minecraft:stick":10,"minecraft:oak_fence":6,"minecraft:torch":5,"minecraft:gravel":5,"minecraft:ink_sac":2,"minecraft:diorite":23,"minecraft:gold_ore":3,"minecraft:stone_shovel":1,"minecraft:arrow":5,"minecraft:rotten_flesh":9,"minecraft:pumpkin_pie":2,"minecraft:iron_helmet":1,"minecraft:granite":10,"minecraft:netherrack":1,"minecraft:bread":1,"minecraft:oak_sapling":8,"minecraft:white_wool":10,"minecraft:mutton":4,"minecraft:coal":222,"minecraft:rail":16,"minecraft:cobblestone":551,"minecraft:ender_pearl":1},"minecraft:killed_by":{"minecraft:zombie_pigman":7,"minecraft:cave_spider":1,"minecraft:skeleton":3,"minecraft:zombie":1},"minecraft:used":{"minecraft:cooked_mutton":1,"minecraft:diorite":4,"minecraft:stone_sword":6,"minecraft:iron_shovel":192,"minecraft:stone_pickaxe":619,"minecraft:oak_planks":3,"minecraft:ender_pearl":1,"minecraft:wooden_pickaxe":47,"minecraft:iron_sword":75,"minecraft:cooked_salmon":3,"minecraft:rotten_flesh":2,"minecraft:torch":39,"minecraft:dirt":89,"minecraft:mutton":4,"minecraft:crafting_table":10,"minecraft:oak_log":2,"minecraft:bread":1,"minecraft:iron_pickaxe":261,"minecraft:wooden_sword":22,"minecraft:cobblestone":114,"minecraft:beef":1,"minecraft:furnace":2,"minecraft:andesite":16,"minecraft:cooked_beef":4,"minecraft:golden_pickaxe":15},"minecraft:killed":{"minecraft:horse":4,"minecraft:sheep":2,"minecraft:skeleton":5,"minecraft:pillager":2,"minecraft:zombie":6,"minecraft:enderman":1,"minecraft:cow":1},"minecraft:custom":{"minecraft:interact_with_furnace":10,"minecraft:mob_kills":22,"minecraft:interact_with_crafting_table":32,"minecraft:play_one_minute":159876,"minecraft:leave_game":4,"minecraft:time_since_death":1034,"minecraft:sleep_in_bed":4,"minecraft:time_since_rest":1118,"minecraft:sprint_one_cm":111678,"minecraft:damage_taken":3851,"minecraft:walk_one_cm":541604,"minecraft:drop":400,"minecraft:damage_dealt":4233,"minecraft:fly_one_cm":30058,"minecraft:open_chest":40,"minecraft:crouch_one_cm":393,"minecraft:deaths":12,"minecraft:sneak_time":95,"minecraft:walk_under_water_one_cm":6131,"minecraft:jump":961,"minecraft:interact_with_blast_furnace":1,"minecraft:walk_on_water_one_cm":43813,"minecraft:interact_with_smoker":1,"minecraft:fall_one_cm":17976},"minecraft:mined":{"minecraft:brown_mushroom":2,"minecraft:clay":3,"minecraft:crafting_table":9,"minecraft:torch":3,"minecraft:granite":9,"minecraft:grass_block":81,"minecraft:cobblestone":56,"minecraft:oak_planks":2,"minecraft:diorite":23,"minecraft:wall_torch":1,"minecraft:furnace":2,"minecraft:iron_ore":59,"minecraft:andesite":51,"minecraft:grass_path":2,"minecraft:grass":16,"minecraft:coal_ore":233,"minecraft:oak_log":45,"minecraft:rail":1,"minecraft:dirt":145,"minecraft:cobweb":1,"minecraft:stone":416,"minecraft:gold_ore":4,"minecraft:oak_leaves":13},"minecraft:crafted":{"minecraft:cooked_beef":8,"minecraft:wooden_sword":1,"minecraft:oak_planks":212,"minecraft:crafting_table":4,"minecraft:iron_helmet":1,"minecraft:wooden_pickaxe":3,"minecraft:iron_sword":2,"minecraft:furnace":2,"minecraft:golden_pickaxe":1,"minecraft:stone":4,"minecraft:oak_wood":12,"minecraft:stone_axe":1,"minecraft:air":0,"minecraft:iron_chestplate":1,"minecraft:wooden_hoe":1,"minecraft:iron_axe":1,"minecraft:iron_hoe":1,"minecraft:stick":84,"minecraft:iron_ingot":44,"minecraft:iron_pickaxe":3,"minecraft:stone_pickaxe":4,"minecraft:wooden_axe":1,"minecraft:stone_sword":1,"minecraft:iron_shovel":1,"minecraft:gold_ingot":3,"minecraft:torch":48,"minecraft:stone_hoe":1},"minecraft:dropped":{"minecraft:wheat_seeds":11,"minecraft:oak_log":28,"minecraft:cobblestone":166,"minecraft:clay_ball":24,"minecraft:oak_planks":42,"minecraft:granite":1,"minecraft:dirt":97,"minecraft:ink_sac":2,"minecraft:andesite":25,"minecraft:oak_sapling":7,"minecraft:wooden_sword":2,"minecraft:white_wool":8,"minecraft:egg":8,"minecraft:bone":2},"minecraft:broken":{"minecraft:stone_pickaxe":4}},"DataVersion":1968}