{"stats":{"minecraft:killed_by":{"minecraft:zombie_pigman":7,"minecraft:cave_spider":1,"minecraft:skeleton":3,"minecraft:zombie":1},"minecraft:killed":{"minecraft:spider":1,"minecraft:sheep":2,"minecraft:horse":4,"minecraft:skeleton":7,"minecraft:pillager":2,"minecraft:zombie":9,"minecraft:enderman":1,"minecraft:cow":1},"minecraft:mined":{"minecraft:brown_mushroom":2,"minecraft:clay":3,"minecraft:crafting_table":19,"minecraft:torch":5,"minecraft:granite":16,"minecraft:grass_block":82,"minecraft:chest":2,"minecraft:cobblestone":56,"minecraft:lapis_ore":6,"minecraft:oak_planks":2,"minecraft:diorite":24,"minecraft:wall_torch":1,"minecraft:redstone_ore":19,"minecraft:furnace":3,"minecraft:iron_ore":110,"minecraft:andesite":51,"minecraft:grass_path":2,"minecraft:grass":16,"minecraft:coal_ore":320,"minecraft:oak_log":51,"minecraft:rail":1,"minecraft:dirt":145,"minecraft:cobweb":1,"minecraft:stone":553,"minecraft:gold_ore":4,"minecraft:oak_leaves":13},"minecraft:picked_up":{"minecraft:iron_chestplate":1,"minecraft:crafting_table":19,"minecraft:wheat":1,"minecraft:cooked_beef":4,"minecraft:clay_ball":24,"minecraft:andesite":47,"minecraft:leather":5,"minecraft:brown_mushroom":4,"minecraft:wooden_pickaxe":3,"minecraft:oak_log":59,"minecraft:lapis_lazuli":36,"minecraft:shield":1,"minecraft:string":3,"minecraft:dirt":217,"minecraft:white_banner":1,"minecraft:cooked_salmon":3,"minecraft:wooden_sword":2,"minecraft:iron_leggings":1,"minecraft:cooked_mutton":1,"minecraft:iron_shovel":1,"minecraft:bone":8,"minecraft:wheat_seeds":17,"minecraft:gold_nugget":1,"minecraft:beef":1,"minecraft:stone_pickaxe":4,"minecraft:iron_ore":107,"minecraft:iron_pickaxe":1,"minecraft:minecart":1,"minecraft:chest":3,"minecraft:birch_sapling":3,"minecraft:iron_sword":1,"minecraft:oak_planks":20,"minecraft:iron_boots":1,"minecraft:furnace":4,"minecraft:egg":17,"minecraft:stick":10,"minecraft:oak_fence":7,"minecraft:torch":7,"minecraft:gravel":5,"minecraft:ink_sac":2,"minecraft:diorite":24,"minecraft:redstone":87,"minecraft:gold_ore":3,"minecraft:arrow":5,"minecraft:stone_shovel":1,"minecraft:rotten_flesh":15,"minecraft:pumpkin_pie":2,"minecraft:iron_helmet":1,"minecraft:granite":17,"minecraft:bread":1,"minecraft:oak_sapling":8,"minecraft:white_wool":10,"minecraft:netherrack":1,"minecraft:mutton":4,"minecraft:coal":309,"minecraft:rail":16,"minecraft:cobblestone":729,"minecraft:ender_pearl":1},"minecraft:custom":{"minecraft:interact_with_furnace":19,"minecraft:mob_kills":28,"minecraft:interact_with_crafting_table":49,"minecraft:play_one_minute":209567,"minecraft:leave_game":5,"minecraft:time_since_death":50725,"minecraft:sleep_in_bed":4,"minecraft:time_since_rest":50809,"minecraft:sprint_one_cm":118779,"minecraft:damage_taken":5061,"minecraft:walk_one_cm":692628,"minecraft:drop":401,"minecraft:damage_dealt":5672,"minecraft:swim_one_cm":115,"minecraft:fly_one_cm":32790,"minecraft:open_chest":49,"minecraft:crouch_one_cm":393,"minecraft:deaths":12,"minecraft:sneak_time":95,"minecraft:walk_under_water_one_cm":15961,"minecraft:jump":1232,"minecraft:interact_with_blast_furnace":1,"minecraft:walk_on_water_one_cm":61233,"minecraft:fall_one_cm":23045,"minecraft:interact_with_smoker":1},"minecraft:used":{"minecraft:cooked_mutton":5,"minecraft:diorite":4,"minecraft:stone_sword":13,"minecraft:iron_shovel":192,"minecraft:stone_pickaxe":709,"minecraft:oak_planks":3,"minecraft:ender_pearl":1,"minecraft:chest":2,"minecraft:wooden_pickaxe":76,"minecraft:iron_sword":104,"minecraft:cooked_salmon":3,"minecraft:torch":59,"minecraft:rotten_flesh":5,"minecraft:dirt":89,"minecraft:mutton":4,"minecraft:crafting_table":20,"minecraft:oak_log":2,"minecraft:bread":1,"minecraft:iron_pickaxe":466,"minecraft:wooden_sword":22,"minecraft:cobblestone":114,"minecraft:beef":1,"minecraft:furnace":4,"minecraft:andesite":16,"minecraft:cooked_beef":11,"minecraft:golden_pickaxe":15},"minecraft:broken":{"minecraft:stone_pickaxe":4},"minecraft:dropped":{"minecraft:wheat_seeds":11,"minecraft:oak_log":28,"minecraft:cobblestone":166,"minecraft:clay_ball":24,"minecraft:oak_planks":42,"minecraft:granite":1,"minecraft:dirt":98,"minecraft:ink_sac":2,"minecraft:andesite":25,"minecraft:oak_sapling":7,"minecraft:wooden_sword":2,"minecraft:white_wool":8,"minecraft:egg":8,"minecraft:bone":2},"minecraft:crafted":{"minecraft:cooked_beef":8,"minecraft:wooden_sword":1,"minecraft:oak_planks":236,"minecraft:crafting_table":4,"minecraft:wooden_pickaxe":4,"minecraft:iron_helmet":2,"minecraft:iron_sword":3,"minecraft:furnace":3,"minecraft:golden_pickaxe":1,"minecraft:stone":4,"minecraft:oak_wood":12,"minecraft:stone_axe":1,"minecraft:air":0,"minecraft:iron_chestplate":2,"minecraft:wooden_hoe":1,"minecraft:iron_axe":1,"minecraft:iron_hoe":1,"minecraft:stick":112,"minecraft:iron_ingot":82,"minecraft:iron_pickaxe":6,"minecraft:stone_pickaxe":5,"minecraft:wooden_axe":1,"minecraft:stone_sword":1,"minecraft:chest":1,"minecraft:iron_shovel":1,"minecraft:gold_ingot":3,"minecraft:torch":84,"minecraft:stone_hoe":1}},"DataVersion":1968}