{"stats":{"minecraft:used":{"minecraft:oak_fence":32,"minecraft:iron_shovel":727,"minecraft:enchanting_table":2,"minecraft:flint_and_steel":33,"minecraft:stone_shovel":136,"minecraft:chest":8,"minecraft:iron_sword":224,"minecraft:cooked_chicken":2,"minecraft:stone_hoe":262,"minecraft:rotten_flesh":9,"minecraft:torch":12,"minecraft:dirt":175,"minecraft:birch_door":5,"minecraft:iron_hoe":187,"minecraft:bookshelf":10,"minecraft:iron_axe":227,"minecraft:furnace":5,"minecraft:egg":1,"minecraft:cooked_beef":7,"minecraft:potato":6,"minecraft:wheat_seeds":819,"minecraft:cooked_mutton":6,"minecraft:water_bucket":15,"minecraft:cobblestone_stairs":12,"minecraft:birch_planks":1,"minecraft:oak_planks":79,"minecraft:cobblestone_slab":12,"minecraft:sugar_cane":157,"minecraft:sand":179,"minecraft:oak_slab":8,"minecraft:crafting_table":4,"minecraft:blast_furnace":4,"minecraft:white_bed":7,"minecraft:pumpkin_seeds":12,"minecraft:diamond_pickaxe":88,"minecraft:cornflower":2,"minecraft:iron_pickaxe":103,"minecraft:gravel":2,"minecraft:stone_axe":9,"minecraft:cobblestone":61,"minecraft:cooked_porkchop":2,"minecraft:andesite":1,"minecraft:birch_log":19,"minecraft:bucket":15,"minecraft:glass_pane":47},"minecraft:killed":{"minecraft:spider":3,"minecraft:skeleton":3,"minecraft:chicken":4,"minecraft:drowned":1,"minecraft:pig":1,"minecraft:creeper":1,"minecraft:sheep":25,"minecraft:zombie":2,"minecraft:cow":26},"minecraft:broken":{"minecraft:iron_shovel":1,"minecraft:stone_hoe":2,"minecraft:stone_shovel":1},"minecraft:killed_by":{"minecraft:zombie":1},"minecraft:mined":{"minecraft:white_bed":7,"minecraft:farmland":1,"minecraft:cobblestone_stairs":2,"minecraft:granite":5,"minecraft:grass_block":391,"minecraft:furnace":3,"minecraft:andesite":26,"minecraft:pumpkin":20,"minecraft:enchanting_table":2,"minecraft:potatoes":2,"minecraft:cobblestone_slab":4,"minecraft:stone":119,"minecraft:oak_slab":4,"minecraft:glass_pane":9,"minecraft:oak_fence":12,"minecraft:crafting_table":3,"minecraft:cornflower":2,"minecraft:torch":5,"minecraft:blast_furnace":4,"minecraft:poppy":3,"minecraft:chest":6,"minecraft:cobblestone":12,"minecraft:sugar_cane":323,"minecraft:oak_planks":7,"minecraft:wall_torch":1,"minecraft:birch_planks":8,"minecraft:birch_log":30,"minecraft:wheat":391,"minecraft:birch_leaves":12,"minecraft:grass":853,"minecraft:oak_log":106,"minecraft:coal_ore":3,"minecraft:gravel":4,"minecraft:sand":258,"minecraft:dirt":243,"minecraft:oak_leaves":82},"minecraft:picked_up":{"minecraft:birch_door":1,"minecraft:crafting_table":4,"minecraft:wheat":381,"minecraft:chicken":7,"minecraft:lead":1,"minecraft:cornflower":2,"minecraft:string":5,"minecraft:smooth_stone":19,"minecraft:beef":45,"minecraft:cobblestone_slab":4,"minecraft:poppy":3,"minecraft:iron_pickaxe":2,"minecraft:light_gray_wool":3,"minecraft:sugar_cane":331,"minecraft:chest":6,"minecraft:birch_sapling":26,"minecraft:egg":101,"minecraft:furnace":3,"minecraft:stick":26,"minecraft:stone":2,"minecraft:oak_fence":13,"minecraft:torch":10,"minecraft:diorite":4,"minecraft:redstone":129,"minecraft:arrow":9,"minecraft:gold_ingot":25,"minecraft:mutton":41,"minecraft:obsidian":3,"minecraft:white_wool":46,"minecraft:cobblestone":189,"minecraft:birch_log":36,"minecraft:enchanting_table":2,"minecraft:feather":23,"minecraft:cooked_beef":56,"minecraft:andesite":29,"minecraft:leather":63,"minecraft:potato":6,"minecraft:birch_planks":16,"minecraft:flint":2,"minecraft:oak_log":105,"minecraft:gunpowder":1,"minecraft:cobblestone_stairs":9,"minecraft:paper":12,"minecraft:lapis_lazuli":62,"minecraft:dirt":993,"minecraft:name_tag":1,"minecraft:cooked_mutton":1,"minecraft:bone":3,"minecraft:apple":5,"minecraft:bow":1,"minecraft:wheat_seeds":1116,"minecraft:cooked_chicken":7,"minecraft:stone_pickaxe":2,"minecraft:iron_ingot":22,"minecraft:oak_planks":8,"minecraft:oak_slab":4,"minecraft:cooked_porkchop":8,"minecraft:pumpkin":20,"minecraft:gravel":5,"minecraft:sand":228,"minecraft:blast_furnace":4,"minecraft:ink_sac":10,"minecraft:white_bed":7,"minecraft:diamond":2,"minecraft:stone_axe":1,"minecraft:granite":7,"minecraft:gray_wool":4,"minecraft:oak_sapling":23,"minecraft:coal":106,"minecraft:diamond_pickaxe":1},"minecraft:dropped":{"minecraft:birch_planks":8,"minecraft:wheat_seeds":1,"minecraft:lead":1,"minecraft:coal":2,"minecraft:iron_shovel":1,"minecraft:stone_axe":1,"minecraft:wheat":3,"minecraft:poppy":1,"minecraft:bow":1},"minecraft:custom":{"minecraft:mob_kills":69,"minecraft:animals_bred":117,"minecraft:interact_with_crafting_table":41,"minecraft:leave_game":6,"minecraft:time_since_death":179534,"minecraft:sprint_one_cm":496672,"minecraft:walk_one_cm":673504,"minecraft:damage_blocked_by_shield":180,"minecraft:drop":11,"minecraft:talked_to_villager":1,"minecraft:deaths":1,"minecraft:sneak_time":5017,"minecraft:walk_under_water_one_cm":8160,"minecraft:jump":1766,"minecraft:interact_with_blast_furnace":2,"minecraft:walk_on_water_one_cm":22390,"minecraft:interact_with_furnace":15,"minecraft:play_one_minute":188877,"minecraft:sleep_in_bed":15,"minecraft:time_since_rest":18713,"minecraft:damage_taken":925,"minecraft:damage_dealt":5020,"minecraft:fly_one_cm":309313,"minecraft:player_kills":1,"minecraft:open_chest":119,"minecraft:crouch_one_cm":19206,"minecraft:fall_one_cm":22155},"minecraft:crafted":{"minecraft:oak_planks":328,"minecraft:stone_shovel":2,"minecraft:cobblestone_slab":12,"minecraft:cobblestone_stairs":8,"minecraft:bookshelf":10,"minecraft:cooked_mutton":34,"minecraft:glass_pane":48,"minecraft:glass":26,"minecraft:iron_axe":1,"minecraft:iron_hoe":1,"minecraft:chest":2,"minecraft:birch_door":6,"minecraft:stone_hoe":3,"minecraft:oak_fence":54,"minecraft:cooked_beef":24,"minecraft:oak_slab":6,"minecraft:birch_planks":16,"minecraft:pumpkin_seeds":12,"minecraft:stone_axe":1,"minecraft:air":0,"minecraft:book":32,"minecraft:paper":84,"minecraft:stick":112,"minecraft:iron_shovel":4}},"DataVersion":1968}