{"stats":{"minecraft:mined":{"minecraft:diamond_ore":7,"minecraft:farmland":3,"minecraft:obsidian":17,"minecraft:granite":19,"minecraft:grass_block":16,"minecraft:oxeye_daisy":1,"minecraft:redstone_ore":29,"minecraft:furnace":2,"minecraft:iron_ore":99,"minecraft:andesite":21,"minecraft:stone":429,"minecraft:cobblestone":27,"minecraft:lapis_ore":12,"minecraft:sugar_cane":4,"minecraft:diorite":1,"minecraft:wall_torch":2,"minecraft:birch_log":5,"minecraft:wheat":2,"minecraft:birch_leaves":1,"minecraft:grass":371,"minecraft:oak_log":38,"minecraft:coal_ore":60,"minecraft:sand":1,"minecraft:dirt":11,"minecraft:cobweb":3,"minecraft:gold_ore":25,"minecraft:oak_leaves":7},"minecraft:crafted":{"minecraft:wooden_sword":1,"minecraft:oak_planks":96,"minecraft:stone_shovel":1,"minecraft:furnace":6,"minecraft:stone":8,"minecraft:cooked_mutton":5,"minecraft:flint_and_steel":1,"minecraft:bow":1,"minecraft:iron_boots":2,"minecraft:stone_pickaxe":3,"minecraft:chest":4,"minecraft:stone_hoe":1,"minecraft:cooked_beef":2,"minecraft:crafting_table":4,"minecraft:enchanting_table":1,"minecraft:wooden_pickaxe":1,"minecraft:iron_helmet":2,"minecraft:iron_sword":2,"minecraft:bucket":1,"minecraft:birch_planks":12,"minecraft:stone_axe":1,"minecraft:air":0,"minecraft:wooden_hoe":1,"minecraft:iron_chestplate":2,"minecraft:book":1,"minecraft:paper":3,"minecraft:diamond_pickaxe":1,"minecraft:shield":3,"minecraft:stick":48,"minecraft:iron_ingot":84,"minecraft:iron_pickaxe":4,"minecraft:wooden_axe":1,"minecraft:stone_sword":2,"minecraft:iron_leggings":2,"minecraft:light_gray_dye":1,"minecraft:white_bed":1,"minecraft:torch":48},"minecraft:custom":{"minecraft:mob_kills":20,"minecraft:interact_with_crafting_table":54,"minecraft:leave_game":1,"minecraft:time_since_death":42227,"minecraft:sprint_one_cm":132555,"minecraft:walk_one_cm":279370,"minecraft:drop":16,"minecraft:deaths":3,"minecraft:sneak_time":460,"minecraft:walk_under_water_one_cm":2822,"minecraft:jump":718,"minecraft:interact_with_blast_furnace":1,"minecraft:walk_on_water_one_cm":13073,"minecraft:enchant_item":3,"minecraft:interact_with_furnace":45,"minecraft:play_one_minute":76904,"minecraft:sleep_in_bed":1,"minecraft:time_since_rest":42275,"minecraft:damage_taken":1203,"minecraft:damage_dealt":3294,"minecraft:fly_one_cm":69731,"minecraft:open_chest":33,"minecraft:crouch_one_cm":1354,"minecraft:fall_one_cm":11285},"minecraft:picked_up":{"minecraft:wooden_axe":2,"minecraft:iron_chestplate":1,"minecraft:wooden_pickaxe":2,"minecraft:shield":2,"minecraft:string":7,"minecraft:wooden_sword":1,"minecraft:iron_leggings":1,"minecraft:beef":2,"minecraft:iron_pickaxe":1,"minecraft:minecart":1,"minecraft:sugar_cane":6,"minecraft:chest":2,"minecraft:birch_sapling":2,"minecraft:furnace":2,"minecraft:stick":31,"minecraft:stone":8,"minecraft:oak_fence":6,"minecraft:torch":60,"minecraft:diorite":1,"minecraft:redstone":129,"minecraft:stone_sword":4,"minecraft:arrow":8,"minecraft:rotten_flesh":24,"minecraft:stone_shovel":2,"minecraft:mutton":5,"minecraft:obsidian":17,"minecraft:white_wool":9,"minecraft:cobblestone":647,"minecraft:oxeye_daisy":1,"minecraft:birch_log":5,"minecraft:cooked_beef":6,"minecraft:andesite":21,"minecraft:leather":3,"minecraft:brown_wool":3,"minecraft:flint":1,"minecraft:light_gray_dye":2,"minecraft:oak_log":38,"minecraft:gunpowder":12,"minecraft:lapis_lazuli":82,"minecraft:dirt":28,"minecraft:name_tag":1,"minecraft:cooked_mutton":5,"minecraft:bone":3,"minecraft:wheat_seeds":41,"minecraft:stone_pickaxe":7,"minecraft:iron_ingot":1,"minecraft:iron_ore":114,"minecraft:oak_planks":243,"minecraft:iron_sword":1,"minecraft:gravel":1,"minecraft:sand":6,"minecraft:gold_ore":25,"minecraft:diamond":7,"minecraft:stone_axe":2,"minecraft:granite":19,"minecraft:bread":3,"minecraft:oak_sapling":12,"minecraft:coal":86},"minecraft:broken":{"minecraft:stone_hoe":1,"minecraft:stone_pickaxe":2,"minecraft:wooden_hoe":1},"minecraft:dropped":{"minecraft:bread":1,"minecraft:iron_sword":1,"minecraft:iron_helmet":1,"minecraft:cobblestone":64,"minecraft:iron_leggings":1,"minecraft:wooden_sword":1,"minecraft:iron_pickaxe":1,"minecraft:stone_sword":1,"minecraft:iron_boots":1,"minecraft:cooked_mutton":1,"minecraft:shield":4,"minecraft:iron_chestplate":1,"minecraft:stone_pickaxe":1},"minecraft:used":{"minecraft:enchanting_table":1,"minecraft:stone_sword":60,"minecraft:flint_and_steel":1,"minecraft:stone_shovel":18,"minecraft:chest":5,"minecraft:iron_sword":27,"minecraft:rotten_flesh":1,"minecraft:stone_hoe":131,"minecraft:torch":66,"minecraft:dirt":27,"minecraft:granite":1,"minecraft:obsidian":10,"minecraft:wooden_axe":19,"minecraft:furnace":5,"minecraft:cooked_beef":2,"minecraft:wheat_seeds":41,"minecraft:cooked_mutton":4,"minecraft:water_bucket":8,"minecraft:stone_pickaxe":376,"minecraft:oak_planks":2,"minecraft:wooden_pickaxe":15,"minecraft:crafting_table":4,"minecraft:white_bed":1,"minecraft:wooden_hoe":59,"minecraft:diamond_pickaxe":159,"minecraft:bread":2,"minecraft:iron_pickaxe":200,"minecraft:stone_axe":33,"minecraft:wooden_sword":4,"minecraft:cobblestone":157,"minecraft:andesite":5,"minecraft:bucket":9},"minecraft:killed":{"minecraft:spider":2,"minecraft:skeleton":4,"minecraft:creeper":1,"minecraft:sheep":3,"minecraft:zombie":8,"minecraft:cow":2},"minecraft:killed_by":{"minecraft:skeleton":1,"minecraft:zombie":1}},"DataVersion":1963}