{"stats":{"minecraft:killed":{"minecraft:creeper":2,"minecraft:skeleton":6,"minecraft:zombie":5},"minecraft:crafted":{"minecraft:crafting_table":1,"minecraft:furnace":2,"minecraft:stick":32,"minecraft:torch":144},"minecraft:broken":{"minecraft:iron_sword":1},"minecraft:custom":{"minecraft:interact_with_furnace":6,"minecraft:mob_kills":13,"minecraft:interact_with_crafting_table":2,"minecraft:play_one_minute":48508,"minecraft:leave_game":1,"minecraft:time_since_death":48508,"minecraft:climb_one_cm":1297,"minecraft:time_since_rest":48508,"minecraft:sprint_one_cm":110953,"minecraft:damage_taken":437,"minecraft:walk_one_cm":142331,"minecraft:damage_blocked_by_shield":280,"minecraft:drop":11,"minecraft:damage_dealt":2489,"minecraft:fly_one_cm":120625,"minecraft:open_chest":12,"minecraft:crouch_one_cm":32024,"minecraft:sneak_time":9272,"minecraft:walk_under_water_one_cm":3375,"minecraft:jump":855,"minecraft:walk_on_water_one_cm":13127,"minecraft:fall_one_cm":12571},"minecraft:picked_up":{"minecraft:andesite":19,"minecraft:red_mushroom":11,"minecraft:gunpowder":3,"minecraft:lapis_lazuli":15,"minecraft:string":4,"minecraft:dirt":34,"minecraft:name_tag":1,"minecraft:bone":4,"minecraft:bow":1,"minecraft:wheat_seeds":1,"minecraft:iron_ore":96,"minecraft:minecart":1,"minecraft:chest":3,"minecraft:egg":2,"minecraft:sandstone":4,"minecraft:torch":27,"minecraft:quartz":204,"minecraft:gravel":1,"minecraft:sand":5,"minecraft:diorite":4,"minecraft:gold_ore":35,"minecraft:redstone":25,"minecraft:arrow":5,"minecraft:rotten_flesh":4,"minecraft:diamond":2,"minecraft:granite":9,"minecraft:golden_apple":1,"minecraft:emerald":2,"minecraft:gold_ingot":2,"minecraft:melon_seeds":3,"minecraft:netherrack":89,"minecraft:coal":57,"minecraft:rail":18,"minecraft:cobblestone":283},"minecraft:used":{"minecraft:cooked_mutton":7,"minecraft:water_bucket":27,"minecraft:diorite":4,"minecraft:iron_shovel":27,"minecraft:oak_planks":6,"minecraft:chest":3,"minecraft:iron_sword":57,"minecraft:rotten_flesh":3,"minecraft:netherrack":24,"minecraft:torch":101,"minecraft:dirt":27,"minecraft:crafting_table":1,"minecraft:diamond_pickaxe":567,"minecraft:iron_pickaxe":297,"minecraft:cobblestone":51,"minecraft:furnace":2,"minecraft:bucket":27,"minecraft:andesite":18},"minecraft:mined":{"minecraft:diamond_ore":2,"minecraft:granite":9,"minecraft:emerald_ore":2,"minecraft:grass_block":12,"minecraft:chest":1,"minecraft:nether_quartz_ore":210,"minecraft:cobblestone":11,"minecraft:lapis_ore":3,"minecraft:red_mushroom":11,"minecraft:diorite":15,"minecraft:sandstone":4,"minecraft:redstone_ore":4,"minecraft:iron_ore":100,"minecraft:andesite":22,"minecraft:coal_ore":57,"minecraft:gravel":1,"minecraft:sand":3,"minecraft:dirt":30,"minecraft:cobweb":4,"minecraft:stone":279,"minecraft:netherrack":97,"minecraft:gold_ore":35},"minecraft:dropped":{"minecraft:gravel":1,"minecraft:rotten_flesh":1,"minecraft:cobblestone":216,"minecraft:granite":4,"minecraft:glass_pane":1,"minecraft:iron_axe":1,"minecraft:stone_pickaxe":1,"minecraft:iron_shovel":1}},"DataVersion":1968}