{"stats":{"minecraft:killed":{"minecraft:zombie_villager":1,"minecraft:spider":1,"minecraft:creeper":2,"minecraft:phantom":1,"minecraft:skeleton":6,"minecraft:zombie":13,"minecraft:ghast":1},"minecraft:mined":{"minecraft:diamond_ore":2,"minecraft:granite":39,"minecraft:emerald_ore":2,"minecraft:grass_block":13,"minecraft:chest":1,"minecraft:nether_quartz_ore":234,"minecraft:cobblestone":27,"minecraft:lapis_ore":3,"minecraft:red_mushroom":11,"minecraft:diorite":17,"minecraft:sandstone":4,"minecraft:redstone_ore":4,"minecraft:iron_ore":109,"minecraft:andesite":31,"minecraft:oak_log":6,"minecraft:coal_ore":118,"minecraft:gravel":1,"minecraft:sand":3,"minecraft:dirt":34,"minecraft:cobweb":5,"minecraft:stone":553,"minecraft:netherrack":142,"minecraft:gold_ore":35},"minecraft:picked_up":{"minecraft:andesite":28,"minecraft:red_mushroom":11,"minecraft:oak_log":6,"minecraft:gunpowder":3,"minecraft:lapis_lazuli":15,"minecraft:string":5,"minecraft:dirt":47,"minecraft:name_tag":1,"minecraft:bone":4,"minecraft:bow":1,"minecraft:wheat_seeds":1,"minecraft:iron_ingot":1,"minecraft:iron_ore":105,"minecraft:minecart":1,"minecraft:chest":3,"minecraft:phantom_membrane":1,"minecraft:egg":8,"minecraft:sandstone":4,"minecraft:torch":29,"minecraft:quartz":228,"minecraft:gravel":1,"minecraft:sand":5,"minecraft:diorite":17,"minecraft:gold_ore":35,"minecraft:redstone":25,"minecraft:arrow":5,"minecraft:rotten_flesh":12,"minecraft:diamond":2,"minecraft:granite":39,"minecraft:golden_apple":1,"minecraft:emerald":2,"minecraft:gold_ingot":2,"minecraft:melon_seeds":3,"minecraft:netherrack":133,"minecraft:coal":118,"minecraft:rail":25,"minecraft:cobblestone":573},"minecraft:custom":{"minecraft:interact_with_furnace":11,"minecraft:mob_kills":25,"minecraft:interact_with_crafting_table":4,"minecraft:play_one_minute":100786,"minecraft:leave_game":2,"minecraft:time_since_death":100786,"minecraft:climb_one_cm":1297,"minecraft:time_since_rest":100786,"minecraft:sprint_one_cm":182076,"minecraft:damage_taken":1031,"minecraft:walk_one_cm":251052,"minecraft:damage_blocked_by_shield":570,"minecraft:drop":11,"minecraft:damage_dealt":4757,"minecraft:fly_one_cm":192655,"minecraft:player_kills":1,"minecraft:open_chest":31,"minecraft:crouch_one_cm":33187,"minecraft:sneak_time":9623,"minecraft:walk_under_water_one_cm":3375,"minecraft:boat_one_cm":65441,"minecraft:jump":1310,"minecraft:interact_with_blast_furnace":1,"minecraft:walk_on_water_one_cm":15512,"minecraft:enchant_item":2,"minecraft:fall_one_cm":18235},"minecraft:used":{"minecraft:cooked_mutton":15,"minecraft:water_bucket":27,"minecraft:diorite":6,"minecraft:iron_shovel":27,"minecraft:oak_planks":6,"minecraft:chest":3,"minecraft:iron_sword":87,"minecraft:rotten_flesh":3,"minecraft:netherrack":60,"minecraft:torch":117,"minecraft:dirt":32,"minecraft:crafting_table":2,"minecraft:granite":1,"minecraft:diamond_pickaxe":983,"minecraft:iron_axe":5,"minecraft:iron_pickaxe":381,"minecraft:bow":10,"minecraft:cobblestone":52,"minecraft:furnace":2,"minecraft:bucket":27,"minecraft:andesite":18,"minecraft:oak_boat":1},"minecraft:broken":{"minecraft:iron_sword":1},"minecraft:dropped":{"minecraft:gravel":1,"minecraft:rotten_flesh":1,"minecraft:cobblestone":216,"minecraft:granite":4,"minecraft:glass_pane":1,"minecraft:iron_axe":1,"minecraft:stone_pickaxe":1,"minecraft:iron_shovel":1},"minecraft:crafted":{"minecraft:oak_planks":24,"minecraft:crafting_table":2,"minecraft:iron_sword":1,"minecraft:furnace":2,"minecraft:air":0,"minecraft:oak_boat":1,"minecraft:iron_axe":1,"minecraft:stick":52,"minecraft:iron_ingot":88,"minecraft:torch":144}},"DataVersion":1968}