{"stats":{"minecraft:picked_up":{"minecraft:crafting_table":2,"minecraft:wheat":288,"minecraft:chicken":1,"minecraft:brown_mushroom":1,"minecraft:lead":2,"minecraft:wooden_pickaxe":3,"minecraft:shield":1,"minecraft:cornflower":2,"minecraft:string":2,"minecraft:wooden_sword":2,"minecraft:cooked_salmon":4,"minecraft:white_carpet":2,"minecraft:smooth_stone":5,"minecraft:bucket":1,"minecraft:beef":32,"minecraft:sugar_cane":92,"minecraft:birch_sapling":7,"minecraft:furnace":3,"minecraft:egg":28,"minecraft:stick":9,"minecraft:oak_fence":7,"minecraft:torch":23,"minecraft:porkchop":1,"minecraft:diorite":4,"minecraft:arrow":12,"minecraft:rotten_flesh":7,"minecraft:mutton":6,"minecraft:white_wool":44,"minecraft:cobblestone":927,"minecraft:birch_log":28,"minecraft:andesite":77,"minecraft:salmon":21,"minecraft:leather":22,"minecraft:potato":17,"minecraft:flint":1,"minecraft:oak_log":60,"minecraft:cobblestone_stairs":3,"minecraft:wooden_hoe":1,"minecraft:dirt":94,"minecraft:bone":6,"minecraft:wheat_seeds":933,"minecraft:iron_ingot":10,"minecraft:stone_pickaxe":2,"minecraft:iron_ore":86,"minecraft:oak_planks":57,"minecraft:pumpkin":15,"minecraft:quartz":11,"minecraft:gravel":13,"minecraft:sand":4,"minecraft:ink_sac":4,"minecraft:stone_axe":1,"minecraft:granite":1,"minecraft:bone_meal":22,"minecraft:gray_wool":3,"minecraft:oak_sapling":4,"minecraft:netherrack":18,"minecraft:coal":138},"minecraft:used":{"minecraft:oak_fence":51,"minecraft:stone_sword":167,"minecraft:stone_shovel":78,"minecraft:chest":2,"minecraft:iron_sword":82,"minecraft:cooked_salmon":11,"minecraft:netherrack":18,"minecraft:torch":37,"minecraft:dirt":79,"minecraft:white_carpet":5,"minecraft:oak_fence_gate":1,"minecraft:wooden_axe":21,"minecraft:bookshelf":6,"minecraft:birch_sapling":6,"minecraft:hay_block":21,"minecraft:oak_sapling":4,"minecraft:furnace":2,"minecraft:egg":27,"minecraft:potato":19,"minecraft:pumpkin":3,"minecraft:wheat_seeds":441,"minecraft:cobblestone_stairs":18,"minecraft:birch_planks":6,"minecraft:stone_pickaxe":672,"minecraft:wooden_pickaxe":59,"minecraft:composter":2,"minecraft:sugar_cane":8,"minecraft:white_wool":1,"minecraft:sand":2,"minecraft:crafting_table":4,"minecraft:blast_furnace":2,"minecraft:white_bed":2,"minecraft:smoker":1,"minecraft:wooden_hoe":45,"minecraft:cornflower":2,"minecraft:birch_fence_gate":3,"minecraft:birch_slab":36,"minecraft:iron_pickaxe":35,"minecraft:gravel":12,"minecraft:stone_axe":83,"minecraft:cobblestone":640,"minecraft:cooked_porkchop":1,"minecraft:andesite":72,"minecraft:pumpkin_pie":6,"minecraft:bone_meal":24},"minecraft:killed":{"minecraft:spider":2,"minecraft:skeleton":3,"minecraft:chicken":1,"minecraft:pig":1,"minecraft:salmon":22,"minecraft:squid":1,"minecraft:sheep":2,"minecraft:trader_llama":2,"minecraft:zombie":7,"minecraft:cow":18},"minecraft:custom":{"minecraft:mob_kills":59,"minecraft:animals_bred":45,"minecraft:interact_with_crafting_table":62,"minecraft:leave_game":5,"minecraft:time_since_death":174484,"minecraft:climb_one_cm":2939,"minecraft:sprint_one_cm":253266,"minecraft:walk_one_cm":606832,"minecraft:drop":80,"minecraft:talked_to_villager":2,"minecraft:sneak_time":17740,"minecraft:walk_under_water_one_cm":24896,"minecraft:jump":1181,"minecraft:interact_with_blast_furnace":24,"minecraft:walk_on_water_one_cm":16979,"minecraft:enchant_item":6,"minecraft:interact_with_furnace":55,"minecraft:play_one_minute":174484,"minecraft:sleep_in_bed":6,"minecraft:time_since_rest":65450,"minecraft:damage_taken":927,"minecraft:damage_dealt":5274,"minecraft:swim_one_cm":26681,"minecraft:fly_one_cm":189085,"minecraft:open_chest":93,"minecraft:crouch_one_cm":82650,"minecraft:interact_with_smoker":5,"minecraft:fall_one_cm":18479},"minecraft:mined":{"minecraft:cobblestone_stairs":3,"minecraft:granite":1,"minecraft:grass_block":6,"minecraft:furnace":3,"minecraft:iron_ore":63,"minecraft:andesite":51,"minecraft:pumpkin":15,"minecraft:potatoes":5,"minecraft:stone":514,"minecraft:white_wool":1,"minecraft:brown_mushroom":1,"minecraft:oak_fence":5,"minecraft:crafting_table":2,"minecraft:cornflower":5,"minecraft:torch":10,"minecraft:cobblestone":26,"minecraft:nether_quartz_ore":11,"minecraft:sugar_cane":85,"minecraft:oak_planks":1,"minecraft:diorite":4,"minecraft:wall_torch":2,"minecraft:birch_sapling":1,"minecraft:seagrass":1,"minecraft:birch_planks":1,"minecraft:birch_log":28,"minecraft:wheat":315,"minecraft:white_carpet":2,"minecraft:birch_leaves":2,"minecraft:grass":270,"minecraft:oak_log":48,"minecraft:coal_ore":61,"minecraft:gravel":15,"minecraft:sand":5,"minecraft:dirt":58,"minecraft:netherrack":20,"minecraft:oak_leaves":22},"minecraft:crafted":{"minecraft:wooden_sword":1,"minecraft:smooth_stone":25,"minecraft:oak_planks":212,"minecraft:stone_shovel":2,"minecraft:birch_slab":36,"minecraft:furnace":2,"minecraft:blast_furnace":2,"minecraft:cobblestone_stairs":20,"minecraft:stone":27,"minecraft:bone_meal":21,"minecraft:bookshelf":6,"minecraft:white_carpet":15,"minecraft:oak_trapdoor":6,"minecraft:iron_boots":1,"minecraft:ladder":27,"minecraft:birch_fence_gate":3,"minecraft:stone_pickaxe":11,"minecraft:chest":2,"minecraft:oak_fence":54,"minecraft:smoker":1,"minecraft:cooked_beef":3,"minecraft:sugar":18,"minecraft:oak_slab":30,"minecraft:wooden_shovel":1,"minecraft:cooked_porkchop":1,"minecraft:crafting_table":2,"minecraft:iron_helmet":1,"minecraft:wooden_pickaxe":2,"minecraft:iron_sword":1,"minecraft:cooked_salmon":21,"minecraft:hay_block":21,"minecraft:birch_planks":148,"minecraft:stone_axe":1,"minecraft:air":0,"minecraft:oak_fence_gate":3,"minecraft:wooden_hoe":1,"minecraft:iron_chestplate":1,"minecraft:book":18,"minecraft:paper":66,"minecraft:stick":184,"minecraft:iron_ingot":60,"minecraft:iron_pickaxe":1,"minecraft:wooden_axe":1,"minecraft:stone_sword":1,"minecraft:iron_leggings":1,"minecraft:gold_ingot":25,"minecraft:white_bed":2,"minecraft:pumpkin_pie":16,"minecraft:composter":2,"minecraft:torch":32,"minecraft:shears":1},"minecraft:broken":{"minecraft:wooden_pickaxe":1,"minecraft:stone_pickaxe":3},"minecraft:dropped":{"minecraft:oak_slab":30,"minecraft:wheat_seeds":94,"minecraft:leather":4,"minecraft:stick":10,"minecraft:flint":1,"minecraft:dirt":128,"minecraft:wooden_hoe":1,"minecraft:cooked_salmon":4,"minecraft:pumpkin_pie":7,"minecraft:wooden_sword":2,"minecraft:sand":2,"minecraft:iron_pickaxe":1,"minecraft:paper":12,"minecraft:bucket":1,"minecraft:white_wool":14,"minecraft:gravel":1,"minecraft:stone_axe":1,"minecraft:stone_shovel":1,"minecraft:wheat":3,"minecraft:oak_planks":2,"minecraft:wooden_pickaxe":2,"minecraft:stone_pickaxe":9,"minecraft:arrow":9,"minecraft:egg":5}},"DataVersion":1968}