{"stats":{"minecraft:killed_by":{"minecraft:player":1,"minecraft:zombie":1},"minecraft:mined":{"minecraft:seagrass":1,"minecraft:wheat":509,"minecraft:birch_leaves":1,"minecraft:grass":4,"minecraft:grass_block":6,"minecraft:potatoes":14,"minecraft:oak_log":10,"minecraft:dirt":2,"minecraft:spruce_leaves":1,"minecraft:stone":13,"minecraft:oak_leaves":3},"minecraft:killed":{"minecraft:sheep":3,"minecraft:trader_llama":2,"minecraft:zombie":4,"minecraft:spider":2},"minecraft:picked_up":{"minecraft:stick":1,"minecraft:wheat":479,"minecraft:birch_slab":2,"minecraft:leather":2,"minecraft:potato":49,"minecraft:oak_log":10,"minecraft:string":1,"minecraft:dirt":15,"minecraft:wooden_sword":1,"minecraft:rotten_flesh":4,"minecraft:wheat_seeds":1330,"minecraft:hay_block":3,"minecraft:stone_pickaxe":6,"minecraft:bread":38,"minecraft:oak_sapling":3,"minecraft:mutton":3,"minecraft:oak_planks":32,"minecraft:white_wool":3,"minecraft:cobblestone":23,"minecraft:egg":20},"minecraft:custom":{"minecraft:time_since_rest":10264,"minecraft:interact_with_furnace":1,"minecraft:sprint_one_cm":95196,"minecraft:damage_taken":1096,"minecraft:walk_one_cm":157318,"minecraft:mob_kills":11,"minecraft:animals_bred":1,"minecraft:damage_dealt":1889,"minecraft:swim_one_cm":1574,"minecraft:interact_with_crafting_table":5,"minecraft:talked_to_villager":1,"minecraft:fly_one_cm":103591,"minecraft:open_chest":18,"minecraft:play_one_minute":46120,"minecraft:crouch_one_cm":1473,"minecraft:deaths":2,"minecraft:sneak_time":439,"minecraft:walk_under_water_one_cm":871,"minecraft:jump":510,"minecraft:interact_with_blast_furnace":3,"minecraft:leave_game":2,"minecraft:time_since_death":25114,"minecraft:walk_on_water_one_cm":2931,"minecraft:sleep_in_bed":1,"minecraft:climb_one_cm":1234,"minecraft:interact_with_smoker":3,"minecraft:fall_one_cm":15586},"minecraft:used":{"minecraft:wheat_seeds":504,"minecraft:stone_sword":27,"minecraft:birch_slab":1,"minecraft:bread":14,"minecraft:stone_pickaxe":21,"minecraft:wooden_sword":35,"minecraft:dirt":10,"minecraft:cobblestone":16,"minecraft:hay_block":3,"minecraft:oak_sapling":3,"minecraft:egg":10,"minecraft:potato":26},"minecraft:crafted":{"minecraft:wooden_sword":1,"minecraft:oak_boat":3,"minecraft:oak_planks":40,"minecraft:stick":16,"minecraft:stone_pickaxe":6,"minecraft:wooden_axe":1,"minecraft:stone_sword":1,"minecraft:hay_block":53,"minecraft:bread":42}},"DataVersion":1968}