{"stats":{"minecraft:picked_up":{"minecraft:stick":1,"minecraft:andesite":8,"minecraft:torch":3,"minecraft:quartz":12,"minecraft:oak_log":1,"minecraft:diorite":4,"minecraft:oak_trapdoor":1,"minecraft:string":4,"minecraft:dirt":24,"minecraft:arrow":1,"minecraft:bone":7,"minecraft:rotten_flesh":7,"minecraft:granite":7,"minecraft:iron_ore":12,"minecraft:cobblestone_slab":35,"minecraft:oak_sapling":2,"minecraft:netherrack":1,"minecraft:andesite_slab":24,"minecraft:coal":9,"minecraft:phantom_membrane":1,"minecraft:egg":3,"minecraft:cobblestone":860},"minecraft:mined":{"minecraft:oak_trapdoor":1,"minecraft:iron_ore":12,"minecraft:andesite":11,"minecraft:granite":8,"minecraft:oak_log":1,"minecraft:grass":1,"minecraft:grass_block":6,"minecraft:coal_ore":9,"minecraft:cobblestone_slab":25,"minecraft:andesite_slab":18,"minecraft:dirt":20,"minecraft:cobblestone":156,"minecraft:stone":776,"minecraft:netherrack":1,"minecraft:diorite":9,"minecraft:oak_leaves":11},"minecraft:dropped":{"minecraft:cobblestone_slab":2,"minecraft:torch":1,"minecraft:cobblestone":64},"minecraft:used":{"minecraft:cooked_mutton":8,"minecraft:water_bucket":8,"minecraft:diamond_pickaxe":1027,"minecraft:iron_shovel":21,"minecraft:iron_axe":16,"minecraft:andesite_slab":40,"minecraft:iron_sword":69,"minecraft:cobblestone_slab":281,"minecraft:netherrack":2,"minecraft:rotten_flesh":7,"minecraft:torch":18,"minecraft:dirt":3,"minecraft:cobblestone":819,"minecraft:bow":3,"minecraft:crafting_table":2,"minecraft:bucket":8},"minecraft:killed":{"minecraft:skeleton":4,"minecraft:zombie":8,"minecraft:zombie_villager":1,"minecraft:spider":3,"minecraft:phantom":3},"minecraft:crafted":{"minecraft:cobblestone_slab":244,"minecraft:crafting_table":2,"minecraft:stick":4,"minecraft:andesite_slab":18,"minecraft:iron_ingot":14,"minecraft:iron_shovel":1,"minecraft:air":0},"minecraft:custom":{"minecraft:time_since_rest":53986,"minecraft:interact_with_furnace":2,"minecraft:sprint_one_cm":81140,"minecraft:damage_taken":652,"minecraft:walk_one_cm":207778,"minecraft:damage_blocked_by_shield":380,"minecraft:mob_kills":19,"minecraft:drop":4,"minecraft:damage_dealt":3328,"minecraft:interact_with_crafting_table":10,"minecraft:fly_one_cm":61374,"minecraft:open_chest":5,"minecraft:crouch_one_cm":39706,"minecraft:play_one_minute":53986,"minecraft:sneak_time":9570,"minecraft:jump":424,"minecraft:interact_with_blast_furnace":4,"minecraft:time_since_death":53986,"minecraft:walk_on_water_one_cm":1746,"minecraft:interact_with_smoker":1,"minecraft:climb_one_cm":8894,"minecraft:fall_one_cm":9809}},"DataVersion":1968}