{"stats":{"minecraft:picked_up":{"minecraft:magma_block":43,"minecraft:filled_map":1,"minecraft:flint":1,"minecraft:oak_log":167,"minecraft:gunpowder":2,"minecraft:oak_trapdoor":4,"minecraft:dirt":24,"minecraft:string":2,"minecraft:bone":2,"minecraft:apple":1,"minecraft:iron_ore":13,"minecraft:soul_sand":44,"minecraft:oak_planks":16,"minecraft:egg":4,"minecraft:stick":5,"minecraft:sandstone":9,"minecraft:oak_door":1,"minecraft:torch":5,"minecraft:gravel":3,"minecraft:sand":59,"minecraft:diorite":2,"minecraft:dark_oak_log":2,"minecraft:spider_eye":1,"minecraft:arrow":2,"minecraft:rotten_flesh":5,"minecraft:oak_sapling":6,"minecraft:netherrack":4,"minecraft:coal":48,"minecraft:cobblestone":77,"minecraft:rail":1},"minecraft:mined":{"minecraft:soul_sand":49,"minecraft:dark_oak_log":2,"minecraft:torch":2,"minecraft:cobblestone":2,"minecraft:diorite":2,"minecraft:sandstone":9,"minecraft:wall_torch":1,"minecraft:oak_trapdoor":4,"minecraft:magma_block":43,"minecraft:iron_ore":13,"minecraft:grass":4,"minecraft:oak_log":169,"minecraft:coal_ore":20,"minecraft:rail":1,"minecraft:gravel":8,"minecraft:sand":60,"minecraft:dirt":30,"minecraft:stone":76,"minecraft:netherrack":2,"minecraft:oak_leaves":27},"minecraft:dropped":{"minecraft:filled_map":1,"minecraft:dirt":1},"minecraft:used":{"minecraft:oak_trapdoor":69,"minecraft:iron_shovel":52,"minecraft:stone_shovel":92,"minecraft:baked_potato":2,"minecraft:chest":1,"minecraft:iron_sword":57,"minecraft:oak_door":2,"minecraft:torch":9,"minecraft:dirt":36,"minecraft:sand":58,"minecraft:crafting_table":4,"minecraft:apple":1,"minecraft:iron_axe":188,"minecraft:bread":2,"minecraft:iron_pickaxe":179,"minecraft:cobblestone":12,"minecraft:oak_sapling":21,"minecraft:oak_boat":1,"minecraft:egg":2,"minecraft:cooked_beef":5},"minecraft:killed_by":{"minecraft:cave_spider":1},"minecraft:killed":{"minecraft:zombie_villager":1,"minecraft:spider":2,"minecraft:creeper":1,"minecraft:skeleton":1,"minecraft:zombie":3,"minecraft:drowned":1},"minecraft:crafted":{"minecraft:oak_door":3,"minecraft:oak_planks":672,"minecraft:stone_shovel":1,"minecraft:crafting_table":4,"minecraft:iron_helmet":1,"minecraft:baked_potato":25,"minecraft:iron_sword":2,"minecraft:bucket":1,"minecraft:dark_oak_button":8,"minecraft:bread":159,"minecraft:air":0,"minecraft:oak_trapdoor":110,"minecraft:glass":5,"minecraft:oak_boat":6,"minecraft:iron_chestplate":2,"minecraft:iron_boots":2,"minecraft:golden_apple":4,"minecraft:iron_axe":1,"minecraft:stick":28,"minecraft:iron_ingot":17,"minecraft:iron_pickaxe":3,"minecraft:chest":1,"minecraft:iron_leggings":1,"minecraft:iron_shovel":1,"minecraft:gold_ingot":16,"minecraft:dark_oak_planks":8,"minecraft:torch":68,"minecraft:wheat":477},"minecraft:custom":{"minecraft:interact_with_furnace":13,"minecraft:mob_kills":9,"minecraft:interact_with_crafting_table":18,"minecraft:play_one_minute":50684,"minecraft:time_since_death":22728,"minecraft:climb_one_cm":4325,"minecraft:time_since_rest":22763,"minecraft:sprint_one_cm":93995,"minecraft:damage_taken":817,"minecraft:walk_one_cm":126602,"minecraft:drop":2,"minecraft:damage_dealt":1907,"minecraft:swim_one_cm":2781,"minecraft:fly_one_cm":100169,"minecraft:open_chest":40,"minecraft:crouch_one_cm":6323,"minecraft:deaths":1,"minecraft:sneak_time":2223,"minecraft:walk_under_water_one_cm":12945,"minecraft:boat_one_cm":78741,"minecraft:jump":508,"minecraft:interact_with_blast_furnace":8,"minecraft:walk_on_water_one_cm":12074,"minecraft:interact_with_smoker":4,"minecraft:fall_one_cm":16815}},"DataVersion":1968}