{"stats":{"minecraft:used":{"minecraft:wooden_axe":20,"minecraft:wheat_seeds":63,"minecraft:stone_sword":28,"minecraft:cobblestone_stairs":13,"minecraft:birch_planks":49,"minecraft:oak_stairs":3,"minecraft:bread":1,"minecraft:stone_pickaxe":29,"minecraft:stone_axe":10,"minecraft:torch":3,"minecraft:dirt":1,"minecraft:cobblestone":8,"minecraft:birch_log":8,"minecraft:egg":1,"minecraft:granite":4,"minecraft:birch_door":3},"minecraft:killed":{"minecraft:zombie":6},"minecraft:killed_by":{"minecraft:player":1,"minecraft:creeper":1},"minecraft:mined":{"minecraft:wheat":76,"minecraft:cobblestone_stairs":11,"minecraft:grass_block":3,"minecraft:oak_log":22,"minecraft:coal_ore":7,"minecraft:birch_slab":1,"minecraft:stone":11,"minecraft:oak_planks":2,"minecraft:birch_planks":10,"minecraft:oak_leaves":3},"minecraft:picked_up":{"minecraft:wooden_axe":1,"minecraft:stick":2,"minecraft:wheat":63,"minecraft:birch_slab":1,"minecraft:birch_planks":16,"minecraft:oak_log":22,"minecraft:cobblestone_stairs":9,"minecraft:dirt":4,"minecraft:rotten_flesh":7,"minecraft:stone_axe":1,"minecraft:wheat_seeds":204,"minecraft:granite":6,"minecraft:beef":3,"minecraft:bread":1,"minecraft:oak_sapling":1,"minecraft:birch_log":43,"minecraft:oak_planks":2,"minecraft:coal":7,"minecraft:birch_door":3,"minecraft:cobblestone":11,"minecraft:egg":7},"minecraft:dropped":{"minecraft:bread":1,"minecraft:dirt":2,"minecraft:wheat_seeds":2,"minecraft:wooden_axe":2,"minecraft:oak_planks":1},"minecraft:crafted":{"minecraft:cooked_beef":13,"minecraft:oak_planks":88,"minecraft:stick":64,"minecraft:oak_stairs":4,"minecraft:stone_pickaxe":3,"minecraft:wooden_axe":1,"minecraft:stone_sword":2,"minecraft:torch":64,"minecraft:birch_planks":48,"minecraft:stone_axe":2,"minecraft:bread":21},"minecraft:custom":{"minecraft:time_since_rest":18713,"minecraft:sprint_one_cm":27209,"minecraft:interact_with_furnace":1,"minecraft:damage_taken":685,"minecraft:walk_one_cm":162437,"minecraft:mob_kills":6,"minecraft:drop":8,"minecraft:damage_dealt":1278,"minecraft:interact_with_crafting_table":9,"minecraft:talked_to_villager":1,"minecraft:fly_one_cm":7929,"minecraft:open_chest":12,"minecraft:play_one_minute":56485,"minecraft:crouch_one_cm":530,"minecraft:deaths":2,"minecraft:sneak_time":202,"minecraft:jump":130,"minecraft:leave_game":5,"minecraft:time_since_death":47650,"minecraft:walk_on_water_one_cm":1162,"minecraft:sleep_in_bed":2,"minecraft:fall_one_cm":2139}},"DataVersion":1968}