[
    {
        "id": 1,
        "numero_curtidas": 0,
        "nome": "Mario",
        "lançamento": "04/12/2001",
        "link":"http://www.clickjogos.com.br/jogos/mario-dash/"

    },
    {
        "id": 2,
        "numero_curtidas": 7,
        "nome": "Pac Man",
        "lançamento": "04/12/2001",
        "link":"http://www.clickjogos.com.br/Jogos-online/Classicos/Pacman-come-come/"

    },
    {
        "id": 3,
        "numero_curtidas": 2,
        "nome": "Sonic",
        "lançamento": "04/12/2001",
        "link":"http://www.clickjogos.com.br/Jogos-online/Acao-e-Aventura/Flash-Sonic/"
    },
    {
        "id": 4,
        "numero_curtidas": 9,
        "nome": "Donkey Kong",
        "lançamento": "04/12/2001",
        "link":"http://www.clickjogos.com.br/Jogos-online/Acao-e-Aventura/Donkey-Kong/"
    },
    {
        "id": 5,
        "numero_curtidas": 16,
        "nome": "Street Fighter",
        "lançamento": "04/12/2001",
        "link":"http://www.clickjogos.com.br/Jogos-online/Esportes/Street-Fighter-2-Champion-Edition/"
    },
    {
        "id": 6,
        "numero_curtidas": 8,
        "nome": "Mortal Kombat",
        "lançamento": "04/12/2001",
        "link":"http://www.clickjogos.com.br/jogos/mortal-kombat-karnage/"
    },
    {
        "id": 7,
        "numero_curtidas": 7,
        "nome": "Space Invaders",
        "lançamento": "04/12/2001",
        "link":"http://www.clickjogos.com.br/Jogos-online/Tiro/Space-Invaders/"
    },
    {
        "id": 8,
        "numero_curtidas": 5,
        "nome": "Asteroids",
        "lançamento": "04/12/2001",
        "link":"http://www.clickjogos.com.br/Jogos-online/Acao-e-Aventura/Asteroids-Revenge-III-Crash-To-Survive/"
    },
    {
        "id": 9,
        "numero_curtidas": 3,
        "nome": "Pole Position",
        "lançamento": "04/12/2001",
        "link":"http://www.clickjogos.com.br/Jogos-online/Esportes/Pole-Position/"
    },
    {
        "id": 10,
        "numero_curtidas": 2,
        "nome": "Teenage Mutant Ninja Turtles",
        "lançamento": "04/12/2001",
        "link":"http://www.clickjogos.com.br/Jogos-online/Acao-e-Aventura/Tartarugas-Ninjas-Double-Damage/"
    }
]