[
 {
"id": 1,
"NomeResenha":"Mario",
"Texto":"Mario, também conhecido como Super Mario, é um personagem fictício e o protagonista principal da série de videogames, criado pelo designer de jogos japonês Shigeru Miyamoto. Mario é o mascote oficial da Nintendo, e da FriendZone, sempre salvando a Princess Peach, por um beijo na bochecha tendo a sua aparição em mais de 80 jogos desde a sua criação. Embora, inicialmente, apenas aparecendo em jogos de plataforma, começando em Donkey Kong, Mario aparece atualmente em gêneros variados de videogames, tais como corrida, quebra-cabeça, RPG, luta, festa e esporte.",
"Comentario":"EU ODEIO ESSE JOGO",
"lançamento": "04/12/2001",
"link":"http://www.clickjogos.com.br/jogos/mario-dash/"
},
{
"id": 2,
"NomeResenha":"Pac Man",
"Texto":"É um jogo eletrônico criado pelo Tōru Iwatani para a empresa Namco, e sendo distribuído para o mercado americano pela Midway Games. Produzido originalmente para Arcade no início dos anos 1980, tornou-se um dos jogos mais jogados e populares no momento, tendo versões para diversos consoles e continuações para tantos outros, inclusive na atualidade. A mecânica do jogo é simples: o jogador era uma cabeça redonda com uma boca que se abre e fecha, posicionado em um labirinto simples repleto de pastilhas e 4 fantasmas que o perseguiam. O objetivo era comer todas as pastilhas sem ser alcançado pelos fantasmas, em ritmo progressivo de dificuldade.",
"Comentario":"EU ODEIO ESSE JOGO",
"lançamento": "04/12/2001",
"link":"http://www.clickjogos.com.br/Jogos-online/Classicos/Pacman-come-come/"
},
{
"id": 3,
"NomeResenha":"Sonic",
"Texto":"É uma franquia de jogos criada e produzida pela Sega. A franquia é centrada em uma série de jogos de plataforma focados em velocidade. O protagonizada da série é um ouriço azul chamado Sonic, cuja vida pacífica é sempre interrompida pelo antagonista principal da série, Dr. Eggman. Tipicamente Sonic -normalmente junto de um de seus amigos, como Tails, Amy e Knuckles- se aventuram para parar Eggman e seus planos para dominação mundial. O primeiro jogo da série Sonic 1, lançado em 1991, foi concebido pela divisão da Sega, Sonic Team após um pedido para um novo mascote. O título foi um sucesso, e foi renovado para várias sequelas, que levaram a Sega a liderança no rumo dos consoles de vídeogame da era 16-bit do começo até a metade dos anos 90.",
"Comentario":"EU ODEIO ESSE JOGO",
"lançamento": "04/12/2001",
"link":"http://www.clickjogos.com.br/Jogos-online/Acao-e-Aventura/Flash-Sonic/"
},
{
"id": 4,
"NomeResenha":"Donkey Kong",
"Texto":"Donkey Kong é um jogo desenvolvido pela Rare e publicado pela Nintendo em 1994 para o console Super Nintendo. Faz parte do gênero Action/Platform e teve dois sucessores: “Donkey Kong Country 2: Diddy’s Kong Quest”e “Donkey Kong Country 3: Dixie Kong’s Double Trouble!”.",
"Comentario":"EU ODEIO ESSE JOGO",
"lançamento": "04/12/2001",
"link":"http://www.clickjogos.com.br/Jogos-online/Acao-e-Aventura/Donkey-Kong/"
},
{
"id": 5,
"NomeResenha":"Street Fighter",
"Texto":"Popularmente abreviado para SF, é uma popular série de jogos de luta na qual o jogador controla lutadores de diversas partes do mundo, cada qual com seus golpes especiais. A série é propriedade da empresa de jogos Capcom e teve seu primeiro jogo lançado em agosto de 1987. Inicialmente lançado como Street Fighter II: The World Warrior em 1991, SF II tornou-se um grande sucesso, popularizando o estilo de jogos de luta, que virou febre mundial nos Arcades.",
"Comentario":"EU ODEIO ESSE JOGO",
"lançamento": "04/12/2001",
"link":"http://www.clickjogos.com.br/Jogos-online/Esportes/Street-Fighter-2-Champion-Edition/"
},
{
"id": 6,
"NomeResenha":"Mortal Kombat",
"Texto":"Mortal Kombat, um jogo de  luta com temas de fantasia e ciência, lançado em Outubro de 1992. O jogo original, gerou muitas sequelas, vários jogos de ação-aventura,filmes (animados e live-action com a sua sequela) e séries de televisão (animadas e live-action). Outra média inclui banda desenhada, jogo de cartas e a Mortal Kombat: Live Tour, um teatro de artes marciais com personagens da série.A série é conhecida pelos altos níveis de violência sangrenta, incluindo mais notavelmente, as Fatalidades (movimentos finalizadores, que requerem uma sequência de botões e movimentos para serem executadas). As Fatalidades, em parte, levaram à criação da ESRB, o sistema norte-americano que classifica os videojogos.",
"Comentario":"EU ODEIO ESSE JOGO",
"lançamento": "04/12/2001",
"link":"http://www.clickjogos.com.br/jogos/mortal-kombat-karnage/"
},
{
"id": 7,
"NomeResenha":"Space Invaders",
"Texto":"Space Invaders foi um dos primeiros jogos de tiro com gráfico bidimensional. O objetivo é destruir ondas de naves com uma espaçonave humana para ganhar o maior número de pontos possível. Para construir o jogo, Nishikado se inspirou na mídia popular, como Guerra dos Mundos e Star Wars.Apesar de seus controles simples comparados com os jogos de hoje, este jogo ajudou a expandir a indústria de video game para uma indústria mundial. Quando o jogo foi primeiramente lançado, ele fez muito sucesso virando popular.",
"Comentario":"EU ODEIO ESSE JOGO",
"lançamento": "04/12/2001",
"link":"http://www.clickjogos.com.br/Jogos-online/Tiro/Space-Invaders/"
},
{
"id": 8,
"NomeResenha":"Asteroids",
"Texto":"Asteroids é um jogo de arcade com gráficos vetoriais muito popular lançado em 1979 pela Atari. O objetivo do jogo é destruir asteroides sem se deixar ser atingido por seus fragmentos.",
"Comentario":"EU ODEIO ESSE JOGO",
"lançamento": "04/12/2001",
"link":"http://www.clickjogos.com.br/Jogos-online/Acao-e-Aventura/Asteroids-Revenge-III-Crash-To-Survive/"
},
{
"id": 9,
"NomeResenha":"Pole Position II",
"Texto":"É um jogo eletrônico de corrida para arcade que foi lançada em 1983 pela Namco. É uma continuação do jogo Pole Position que foi lançado no ano retrasado. Namco também licenciou o jogo para a empresa Atari, onde manufaturava e distribuía para os Estados Unidos da América. Em 1988, Atari lançou o pack-in do jogo para Atari 7800.",
"Comentario":"EU ODEIO ESSE JOGO",
"lançamento": "04/12/2001",
"link":"http://www.clickjogos.com.br/Jogos-online/Esportes/Pole-Position/"
},
{
"id": 10,
"NomeResenha":"Teenage Mutant Ninja Turtles",
"Texto":"Teenage Mutant Ninja Turtles é um jogo de arcade lançado pela empresa de software japonesa Konami em 1989, baseado na série animada As Tartarugas Ninja. Mais tarde recebeu várias versões para videogame e computador, com a versão do NES tendo o nome Teenage Mutant Ninja Turtles II: The Arcade Game.",
"Comentario":"EU ODEIO ESSE JOGO",
"lançamento": "04/12/2001",
"link":"http://www.clickjogos.com.br/Jogos-online/Acao-e-Aventura/Tartarugas-Ninjas-Double-Damage/"
}



]